Date,Category,Amount,Total,Type
2025-02-03,Education,15,6358,0
2025-01-15,Fun,8.0,,0
2025-01-14,Supermarket,5.0,,0
2025-01-14,Fun,15.0,,0
2025-01-14,Gym,75.0,,0
2025-01-12,Fun,9.0,,0
2025-01-12,Fuel,22.0,,0
2025-01-10,Haircut,10.0,,0
2025-01-10,Fun,27.8,,0
2025-01-10,Health,69.1,,0
2025-01-09,Me,7.0,,0
2025-01-09,Supermarket,3.2,,0
2025-01-09,Hobies,2.0,,0
2025-01-09,Fun,22.0,,0
2025-01-09,Fun,4.6,,0
2025-01-09,Job,890.0,,1
2025-01-07,Supermarket,62.5,,0
2025-01-07,Health,20.0,,0
2025-01-07,Supermarket,4.6,,0
2025-01-07,Health,4.0,,0
2025-01-07,Building fees,25.0,,0
2025-01-07,Supermarket,5.3,,0
2025-01-07,Electricity,31.0,,0
2025-01-06,Fun,5.0,,0
2025-01-05,Other,3.1,,0
2025-01-05,Fun,17.0,,0
2025-01-05,Supermarket,6.0,,0
2025-01-04,Fun,20.0,,0
2025-01-02,Vodafone,10.0,,0
2025-01-02,Rent,207.0,,0
2025-01-02,Fun,2.2,,0
2025-01-02,Subscriptions,25.0,,0
2025-01-02,Fuel,26.0,,0
2024-12-31,Job,706.0,,1
2024-12-31,Fun,45.0,,0
2024-12-30,Fun,7.0,,0
2024-12-28,Gifts,28.0,,0
2024-12-28,Supermarket,23.0,,0
2024-12-28,Fun,10.0,,0
2024-12-28,Fun,7.0,,0
2024-12-28,Mprikis,16.0,,0
2024-12-28,Supermarket,27.0,,0
2024-12-27,Supermarket,12.0,,0
2024-12-26,Gifts,50.0,,0
2024-12-26,Fun,12.0,,0
2024-12-26,Subscriptions,25.0,,0
2024-12-25,Fun,2.2,,0
2024-12-25,Fun,14.0,,0
2024-12-25,Supermarket,5.0,,0
2024-12-25,Supermarket,0.5,,0
2024-12-25,Fun,7.0,,0
2024-12-23,Allowance,80.0,,1
2024-12-23,Gifts,48.0,,0
2024-12-22,Me,39.0,,0
2024-12-22,Other,100.0,,0
2024-12-22,Dad,100.0,,1
2024-12-22,Fun,5.0,,0
2024-12-22,Gifts,30.0,,0
2024-12-22,Fun,11.0,,0
2024-12-22,Fun,5.0,,0
2024-12-21,Me,116.0,,0
2024-12-21,Fun,17.0,,0
2024-12-20,Supermarket,6.0,,0
2024-12-20,Job,937.0,,1
2024-12-20,Fun,1.5,,0
2024-12-20,Me,12.0,,0
2024-12-20,Me,64.0,,0
2024-12-19,Fun,3.0,,0
2024-12-19,Mprikis,7.5,,0
2024-12-19,Job,733.0,,1
2024-12-19,Supermarket,25.5,,0
2024-12-19,Subscriptions,5.0,,0
2024-12-18,Fun,14.0,,0
2024-12-18,Gym,6.0,,0
2024-12-18,Health,12.0,,0
2024-12-18,Fuel,20.0,,0
2024-12-18,Haircut,10.0,,0
2024-12-17,Lena,50.0,,1
2024-12-17,Supermarket,23.5,,0
2024-12-16,Education,12.0,,0
2024-12-16,Supermarket,23.0,,0
2024-12-16,Fun,3.0,,0
2024-12-15,Vacation,112.0,,0
2024-12-15,Vacation,10.0,,0
2024-12-15,Vacation,8.0,,0
2024-12-15,Fun,5.0,,0
2024-12-15,Vacation,5.0,,0
2024-12-15,Vacation,14.0,,0
2024-12-13,Me,200.0,,0
2024-12-13,Gifts,26.0,,0
2024-12-13,Vacation,20.0,,0
2024-12-11,Vacation,7.0,,0
2024-12-11,Mprikis,12.0,,0
2024-12-11,Supermarket,17.0,,0
2024-12-11,Fun,5.0,,0
2024-12-11,Me,7.0,,0
2024-12-10,Fun,16.0,,0
2024-12-10,Education,20.0,,0
2024-12-10,Gym,90.0,,0
2024-12-10,Fun,4.0,,0
2024-12-10,Fun,4.2,,0
2024-12-08,Fun,25.0,,0
2024-12-07,Mom,100.0,,1
2024-12-07,Fun,13.0,,0
2024-12-07,Fun,20.0,,0
2024-12-07,Family,400.0,,0
2024-12-07,Fuel,21.0,,0
2024-12-06,Water,11.0,,0
2024-12-06,Building fees,22.5,,0
2024-12-06,Electricity,43.0,,0
2024-12-06,Supermarket,27.0,,0
2024-12-06,Fun,10.0,,0
2024-12-05,Supermarket,20.0,,0
2024-12-04,Fun,13.0,,0
2024-12-03,Fun,7.0,,0
2024-12-03,Rent,55.0,,0
2024-12-03,Fun,12.0,,0
2024-12-03,Fun,5.0,,0
2024-12-02,Job,890.0,,1
2024-12-02,Other,24.0,,0
2024-12-02,Vodafone,10.0,,0
2024-12-02,Fun,5.0,,0
2024-12-02,Parking,30.0,,0
2024-12-01,Subscriptions,24.0,,0
2024-12-01,Rent,262.0,,0
2024-12-01,Fun,18.0,,0
2024-12-01,Fun,21.0,,0
2024-12-01,Fun,4.0,,0
2024-12-01,Fun,8.0,,0
2024-11-29,Job,706.0,,1
2024-11-28,Fun,32.0,,0
2024-11-27,Supermarket,25.0,,0
2024-11-26,Gifts,27.0,,0
2024-11-26,Supermarket,9.5,,0
2024-11-26,Gifts,34.0,,0
2024-11-26,Fuel,20.0,,0
2024-11-26,Haircut,10.0,,0
2024-11-24,Fun,6.0,,0
2024-11-23,Fun,13.5,,0
2024-11-23,Mprikis,50.0,,0
2024-11-23,Health,4.5,,0
2024-11-23,Supermarket,33.5,,0
2024-11-22,Supermarket,6.0,,0
2024-11-22,Supermarket,10.0,,0
2024-11-22,Me,200.0,,0
2024-11-22,Fun,6.0,,0
2024-11-22,Fun,10.0,,0
2024-11-22,Supermarket,2.5,,0
2024-11-21,Supermarket,14.0,,0
2024-11-20,Other,42.0,,0
2024-11-20,Health,12.0,,0
2024-11-18,Fuel,25.0,,0
2024-11-18,Health,20.0,,0
2024-11-18,Gym,5.0,,0
2024-11-17,Supermarket,12.0,,0
2024-11-17,Other,2.5,,0
2024-11-17,Fun,5.0,,0
2024-11-17,Fun,9.5,,0
2024-11-16,Fun,7.0,,0
2024-11-16,Subscriptions,4.5,,0
2024-11-15,Fun,12.0,,0
2024-11-15,Supermarket,7.5,,0
2024-11-14,Fun,15.0,,0
2024-11-13,Fun,5.0,,0
2024-11-11,Gym,100.0,,0
2024-11-11,Supermarket,34.0,,0
2024-11-11,Supermarket,6.0,,0
2024-11-11,Health,11.0,,0
2024-11-09,Supermarket,15.2,,0
2024-11-09,Fuel,20.0,,0
2024-11-08,Fun,22.0,,0
2024-11-08,Haircut,10.0,,0
2024-11-08,Fun,6.0,,0
2024-11-08,Vacation,230.0,,0
2024-11-08,Supermarket,9.0,,0
2024-11-07,Supermarket,13.2,,0
2024-11-06,Fun,15.0,,0
2024-11-06,Supermarket,8.5,,0
2024-11-05,Supermarket,17.0,,0
2024-11-05,Electricity,31.0,,0
2024-11-05,Building fees,24.0,,0
2024-11-05,Fun,4.0,,0
2024-11-05,Me,5.0,,0
2024-11-05,Supermarket,5.5,,0
2024-11-05,Mprikis,12.0,,0
2024-11-04,Fun,6.0,,0
2024-11-03,Fun,15.0,,0
2024-11-03,Subscriptions,25.0,,0
2024-11-02,Other,214.0,,0
2024-11-01,Parking,30.0,,0
2024-11-01,Fun,32.0,,0
2024-11-01,Rent,262.0,,0
2024-10-31,Supermarket,3.0,,0
2024-10-31,Supermarket,10.0,,0
2024-10-31,Other,30.0,,0
2024-10-31,Gifts,19.0,,0
2024-10-31,Fun,2.2,,0
2024-10-31,Job,1600.0,,1
2024-10-31,Fun,6.0,,0
2024-10-31,Supermarket,35.0,,0
2024-10-31,Supermarket,27.0,,0
2024-10-31,Other,30.0,,0
2024-10-30,Other,30.0,,0
2024-10-30,Fun,18.0,,0
2024-10-29,Fun,5.0,,0
2024-10-29,Fun,6.7,,0
2024-10-28,Fun,25.0,,0
2024-10-27,Fun,18.0,,0
2024-10-27,Fun,12.0,,0
2024-10-26,Other,200.0,,0
2024-10-25,Fun,24.0,,0
2024-10-25,Fun,22.0,,0
2024-10-24,Fun,25.0,,0
2024-10-23,Fun,11.0,,0
2024-10-22,Health,10.5,,0
2024-10-22,Vodafone,30.0,,0
2024-10-22,Supermarket,9.0,,0
2024-10-22,Supermarket,25.0,,0
2024-10-22,Supermarket,29.0,,0
2024-10-21,Mprikis,5.0,,0
2024-10-21,Other,250.0,,0
2024-10-21,Health,22.0,,0
2024-10-21,Me,30.0,,0
2024-10-21,Fun,2.0,,0
2024-10-21,Gym,11.0,,0
2024-10-19,Fun,7.0,,0
2024-10-19,Supermarket,25.0,,0
2024-10-19,Fun,31.0,,0
2024-10-19,Fuel,20.0,,0
2024-10-19,Subscriptions,4.5,,0
2024-10-19,Haircut,10.0,,0
2024-10-18,Fun,7.0,,0
2024-10-16,Supermarket,36.0,,0
2024-10-14,Mprikis,7.5,,0
2024-10-14,Supermarket,33.0,,0
2024-10-14,Health,10.0,,0
2024-10-13,Fun,8.0,,0
2024-10-13,Fun,15.0,,0
2024-10-12,Supermarket,6.0,,0
2024-10-12,Fun,25.0,,0
2024-10-10,Supermarket,28.0,,0
2024-10-10,Other,30.0,,0
2024-10-09,Job,890.0,,1
2024-10-09,Parking,30.0,,0
2024-10-09,Gym,50.0,,0
2024-10-09,Fuel,22.0,,0
2024-10-09,Fun,6.0,,0
2024-10-09,Subscriptions,6.5,,0
2024-10-09,Fun,6.0,,0
2024-10-09,Fun,8.5,,0
2024-10-09,Supermarket,17.2,,0
2024-10-09,Me,3.0,,0
2024-10-08,Supermarket,3.5,,0
2024-10-08,Other,30.0,,0
2024-10-07,Building fees,24.0,,0
2024-10-07,Vacation,20.0,,0
2024-10-07,Vacation,25.0,,0
2024-10-07,Electricity,45.0,,0
2024-10-07,Vodafone,31.0,,0
2024-10-07,Education,25.0,,0
2024-10-07,Vacation,7.0,,0
2024-10-06,Vacation,45.0,,0
2024-10-05,Vacation,44.0,,0
2024-10-04,Vacation,110.0,,0
2024-10-03,Supermarket,16.0,,0
2024-10-02,Vodafone,11.0,,0
2024-10-02,Rent,262.0,,0
2024-10-02,Vacation,91.0,,0
2024-10-02,Vacation,20.0,,0
2024-10-01,Vacation,60.0,,0
2024-10-01,Fun,2.0,,0
2024-09-30,Fun,7.5,,0
2024-09-30,Fun,7.0,,0
2024-09-30,Fun,4.0,,0
2024-09-30,Vacation,19.0,,0
2024-09-30,Supermarket,6.0,,0
2024-09-30,Vacation,10.0,,0
2024-09-30,Job,706.0,,1
2024-09-30,Me,140.0,,0
2024-09-29,Vacation,10.0,,0
2024-09-29,Vacation,10.0,,0
2024-09-29,Vacation,18.0,,0
2024-09-28,Vacation,20.0,,0
2024-09-27,Other,15.5,,0
2024-09-27,Vacation,46.0,,0
2024-09-26,Supermarket,8.0,,0
2024-09-26,Gifts,20.0,,0
2024-09-26,Fun,24.0,,0
2024-09-26,Fun,14.5,,0
2024-09-24,Fun,7.0,,0
2024-09-24,Mprikis,12.0,,0
2024-09-24,MOTOmaintenance/oil/insurance,18.0,,0
2024-09-24,Fun,3.5,,0
2024-09-23,Other,18.0,,0
2024-09-22,Me,21.0,,0
2024-09-22,Fun,8.0,,0
2024-09-22,Supermarket,37.0,,0
2024-09-21,Fun,15.0,,0
2024-09-19,Fuel,25.0,,0
2024-09-19,Fun,5.0,,0
2024-09-19,Fun,2.2,,0
2024-09-19,Haircut,10.0,,0
2024-09-19,Gifts,17.5,,0
2024-09-18,Fun,20.0,,0
2024-09-18,Fuel,5.0,,0
2024-09-18,Supermarket,7.6,,0
2024-09-17,Supermarket,4.0,,0
2024-09-17,Other,6.5,,0
2024-09-17,Fun,22.0,,0
2024-09-16,Supermarket,10.5,,0
2024-09-16,Subscriptions,5.0,,0
2024-09-14,Fun,8.0,,0
2024-09-14,Fun,17.0,,0
2024-09-14,Fun,10.0,,0
2024-09-13,Gifts,9.0,,0
2024-09-13,Health,5.0,,0
2024-09-13,Fun,5.0,,0
2024-09-13,Fun,14.0,,0
2024-09-11,Fun,2.0,,0
2024-09-11,Supermarket,22.0,,0
2024-09-10,Supermarket,9.0,,0
2024-09-10,Fun,5.0,,0
2024-09-10,Supermarket,6.5,,0
2024-09-10,Mprikis,12.0,,0
2024-09-09,Fun,9.0,,0
2024-09-09,Education,6.2,,0
2024-09-08,Fun,25.0,,0
2024-09-07,Other,6.5,,0
2024-09-07,Electricity,59.0,,0
2024-09-07,Fun,10.0,,0
2024-09-06,Health,14.0,,0
2024-09-06,Fun,4.5,,0
2024-09-06,Gym,50.0,,0
2024-09-05,Supermarket,40.0,,0
2024-09-05,Education,25.0,,0
2024-09-05,Supermarket,30.0,,0
2024-09-05,Fun,30.0,,0
2024-09-04,Fun,6.0,,0
2024-09-04,Job,900.0,,1
2024-09-04,Supermarket,14.0,,0
2024-09-03,Fun,11.0,,0
2024-09-03,Fuel,23.0,,0
2024-09-03,Fun,2.0,,0
2024-09-03,Parking,30.0,,0
2024-09-02,Rent,262.0,,0
2024-09-02,Supermarket,11.0,,0
2024-09-01,Fun,11.0,,0
2024-08-31,Fun,51.0,,0
2024-08-31,Other,25.0,,0
2024-08-30,Supermarket,6.0,,0
2024-08-30,Haircut,10.0,,0
2024-08-30,Fun,4.0,,0
2024-08-30,Job,706.0,,1
2024-08-29,Fun,6.0,,0
2024-08-29,Fun,6.0,,0
2024-08-29,Supermarket,19.0,,0
2024-08-29,Other,28.0,,0
2024-08-29,Vacation,35.0,,0
2024-08-29,Vacation,20.0,,0
2024-08-28,Vodafone,15.0,,0
2024-08-27,Other,17.0,,0
2024-08-27,Vacation,24.0,,0
2024-08-26,Vacation,36.0,,0
2024-08-25,Vacation,12.0,,0
2024-08-25,Fuel,60.0,,0
2024-08-24,Gifts,17.2,,0
2024-08-24,Fun,7.0,,0
2024-08-23,Fun,2.0,,0
2024-08-23,Supermarket,5.0,,0
2024-08-23,Vacation,4.0,,0
2024-08-22,Supermarket,13.0,,0
2024-08-22,Mprikis,8.0,,0
2024-08-21,Supermarket,17.0,,0
2024-08-21,Health,5.0,,0
2024-08-20,Supermarket,10.0,,0
2024-08-20,Fun,5.0,,0
2024-08-20,Health,5.0,,0
2024-08-19,Vacation,8.0,,0
2024-08-19,Fun,7.0,,0
2024-08-19,Other,5.0,,0
2024-08-17,Vodafone,31.5,,0
2024-08-15,Vacation,256.0,,0
2024-08-14,Vacation,13.0,,0
2024-08-14,Fun,6.5,,0
2024-08-13,Fuel,20.0,,0
2024-08-13,Supermarket,20.0,,0
2024-08-13,Fun,9.5,,0
2024-08-13,Fun,2.2,,0
2024-08-11,Electricity,35.0,,0
2024-08-11,Fun,15.0,,0
2024-08-11,Water,13.0,,0
2024-08-11,Fun,4.0,,0
2024-08-11,Building fees,23.0,,0
2024-08-10,Vacation,250.0,,0
2024-08-09,Fun,5.0,,0
2024-08-09,Fun,9.0,,0
2024-08-08,Fun,12.5,,0
2024-08-08,Haircut,10.0,,0
2024-08-07,Gifts,50.0,,0
2024-08-06,Supermarket,10.8,,0
2024-08-06,Other,57.0,,0
2024-08-06,Mprikis,13.0,,0
2024-08-06,Other,40.0,,0
2024-08-06,Health,11.8,,0
2024-08-05,Other,16.0,,0
2024-08-05,Vacation,68.0,,0
2024-08-05,Education,25.0,,0
2024-08-05,Fun,2.0,,0
2024-08-05,Supermarket,8.0,,0
2024-08-05,Supermarket,36.0,,0
2024-08-05,Fuel,20.0,,0
2024-08-05,Job,1350.0,,1
2024-08-05,Parking,30.0,,0
2024-08-04,Vacation,15.0,,0
2024-08-04,Rent,260.0,,0
2024-08-03,Vacation,4.5,,0
2024-08-02,Supermarket,18.0,,0
2024-08-02,Vacation,5.0,,0
2024-08-01,Vacation,37.0,,0
2024-07-31,Vacation,63.0,,0
2024-07-30,Vacation,45.0,,0
2024-07-30,Vacation,5.0,,0
2024-07-30,Fun,12.0,,0
2024-07-29,Fun,11.0,,0
2024-07-29,Other,10.0,,0
2024-07-29,Other,30.0,,0
2024-07-29,Job,1060.0,,1
2024-07-29,Supermarket,3.5,,0
2024-07-28,Vodafone,15.0,,0
2024-07-28,Fun,16.0,,0
2024-07-27,Supermarket,4.0,,0
2024-07-27,Other,5.0,,0
2024-07-27,Me,33.0,,0
2024-07-27,Fun,9.5,,0
2024-07-26,MOTOmaintenance/oil/insurance,20.0,,0
2024-07-26,Health,6.0,,0
2024-07-24,Supermarket,7.0,,0
2024-07-24,Fun,5.0,,0
2024-07-24,Other,10.0,,0
2024-07-24,Fun,10.0,,0
2024-07-23,Fuel,82.0,,0
2024-07-23,Fun,12.0,,0
2024-07-22,Rent,20.0,,0
2024-07-22,Health,6.5,,0
2024-07-22,Fun,18.5,,0
2024-07-22,Supermarket,12.0,,0
2024-07-21,Supermarket,13.0,,0
2024-07-20,Vacation,10.0,,0
2024-07-20,Vacation,20.0,,0
2024-07-19,Vacation,16.0,,0
2024-07-19,Vacation,41.0,,0
2024-07-19,Vacation,27.0,,0
2024-07-18,Other,75.0,,0
2024-07-18,Me,50.0,,0
2024-07-18,Vacation,25.0,,0
2024-07-17,Vacation,10.0,,0
2024-07-16,Vacation,9.0,,0
2024-07-16,Vacation,17.0,,0
2024-07-13,Vacation,15.0,,0
2024-07-13,Supermarket,7.5,,0
2024-07-13,Supermarket,27.0,,0
2024-07-13,Fun,3.5,,0
2024-07-11,Other,198.0,,0
2024-07-11,Fun,7.0,,0
2024-07-10,Supermarket,7.0,,0
2024-07-10,Fuel,20.0,,0
2024-07-10,Fun,3.0,,0
2024-07-10,Other,28.0,,0
2024-07-10,Fun,8.0,,0
2024-07-10,Gifts,6.5,,0
2024-07-10,Fun,4.0,,0
2024-07-08,Fun,3.5,,0
2024-07-08,Fun,2.0,,0
2024-07-08,Supermarket,9.0,,0
2024-07-08,Supermarket,14.0,,0
2024-07-08,Fun,13.0,,0
2024-07-08,Education,24.0,,0
2024-07-07,Fun,8.0,,0
2024-07-06,Fun,28.0,,0
2024-07-06,Other,30.0,,0
2024-07-06,Gifts,17.0,,0
2024-07-05,Health,12.0,,0
2024-07-05,Fun,4.5,,0
2024-07-05,Me,20.0,,0
2024-07-05,Mprikis,12.0,,0
2024-07-05,Accountant,40.0,,0
2024-07-03,Electricity,37.0,,0
2024-07-03,Fun,22.0,,0
2024-07-03,Health,14.0,,0
2024-07-03,Gym,50.0,,0
2024-07-02,Gifts,6.0,,0
2024-07-02,Fun,8.0,,0
2024-07-02,Parking,30.0,,0
2024-07-02,Building fees,30.0,,0
2024-07-01,Fun,1.0,,0
2024-07-01,Rent,264.0,,0
2024-06-30,Other,30.0,,0
2024-06-30,Fun,12.0,,0
2024-06-30,Supermarket,23.0,,0
2024-06-30,Fun,4.5,,0
2024-06-28,Fun,5.0,,0
2024-06-28,Job,1600.0,,1
2024-06-28,Fun,22.0,,0
2024-06-28,Supermarket,9.5,,0
2024-06-28,Fun,6.0,,0
2024-06-28,Fuel,20.0,,0
2024-06-28,Vodafone,15.0,,0
2024-06-27,Supermarket,10.0,,0
2024-06-25,Fun,2.0,,0
2024-06-24,Fun,18.0,,0
2024-06-24,Supermarket,4.0,,0
2024-06-23,Supermarket,9.0,,0
2024-06-23,Fun,14.0,,0
2024-06-21,MOTOmaintenance/oil/insurance,62.0,,0
2024-06-21,Gym,44.0,,0
2024-06-21,Fuel,26.0,,0
2024-06-21,Family,16.5,,0
2024-06-20,Fun,15.0,,0
2024-06-20,Health,45.0,,0
2024-06-20,Fun,9.0,,0
2024-06-19,Mprikis,52.0,,0
2024-06-19,Health,27.0,,0
2024-06-19,Supermarket,29.0,,0
2024-06-18,Fun,7.0,,0
2024-06-17,Supermarket,13.5,,0
2024-06-16,Fun,23.0,,0
2024-06-15,Supermarket,22.0,,0
2024-06-14,Vacation,241.0,,0
2024-06-14,Fun,30.5,,0
2024-06-14,Fun,3.5,,0
2024-06-12,Health,13.0,,0
2024-06-12,Fun,2.0,,0
2024-06-12,Fuel,27.0,,0
2024-06-12,Fun,23.0,,0
2024-06-11,Family,600.0,,0
2024-06-10,Supermarket,4.0,,0
2024-06-10,Gym,50.0,,0
2024-06-10,Fun,9.3,,0
2024-06-10,Gifts,63.0,,0
2024-06-10,Family,200.0,,0
2024-06-10,Other,50.0,,0
2024-06-09,Fun,2.2,,0
2024-06-09,Family,700.0,,0
2024-06-09,Fun,25.0,,0
2024-06-09,Me,500.0,,0
2024-06-07,Fun,17.7,,0
2024-06-07,Fun,14.0,,0
2024-06-07,Health,76.0,,0
2024-06-06,Health,44.0,,0
2024-06-05,Supermarket,3.5,,0
2024-06-05,Job,1600.0,,1
2024-06-04,Supermarket,43.0,,0
2024-06-03,Education,24.0,,0
2024-06-03,Electricity,32.0,,0
2024-06-03,Vodafone,32.5,,0
2024-06-03,Parking,30.0,,0
2024-06-03,Building fees,11.5,,0
2024-06-03,Fun,4.0,,0
2024-06-03,Other,16.0,,0
2024-06-03,Supermarket,4.0,,0
2024-06-02,Fun,7.0,,0
2024-06-02,Fuel,22.0,,0
2024-06-02,Private,29.0,,1
2024-06-01,Rent,260.0,,0
2024-06-01,Private,24.0,,1
2024-06-01,Supermarket,3.0,,0
2024-06-01,Other,24.0,,0
2024-05-31,Fun,18.0,,0
2024-05-30,Fun,6.0,,0
2024-05-30,Fun,22.0,,0
2024-05-28,Vodafone,15.0,,0
2024-05-28,Fun,10.0,,0
2024-05-28,Fun,5.0,,0
2024-05-28,Private,24.0,,1
2024-05-27,MOTOmaintenance/oil/insurance,191.0,,0
2024-05-26,Fun,10.0,,0
2024-05-25,Fun,41.0,,0
2024-05-25,Other,27.5,,0
2024-05-23,MOTOmaintenance/oil/insurance,330.0,,0
2024-05-23,Fuel,20.0,,0
2024-05-23,Fun,12.0,,0
2024-05-23,Haircut,10.0,,0
2024-05-22,Private,23.0,,1
2024-05-22,Fuel,10.0,,0
2024-05-22,Health,20.0,,0
2024-05-20,Private,25.0,,1
2024-05-20,Health,17.0,,0
2024-05-19,Fun,13.0,,0
2024-05-18,Other,11.5,,0
2024-05-18,Fun,7.0,,0
2024-05-17,Mprikis,13.0,,0
2024-05-16,Fun,20.0,,0
2024-05-15,Fun,4.5,,0
2024-05-15,Fun,16.5,,0
2024-05-14,Fuel,28.0,,0
2024-05-14,Fun,6.0,,0
2024-05-14,Supermarket,10.0,,0
2024-05-13,Fun,2.3,,0
2024-05-13,Other,20.0,,0
2024-05-13,Fun,1.3,,0
2024-05-13,Parking,30.0,,0
2024-05-13,Health,8.5,,0
2024-05-11,Fun,6.0,,0
2024-05-11,Fun,3.7,,0
2024-05-11,Fun,4.5,,0
2024-05-11,Me,242.0,,0
2024-05-10,Other,140.0,,0
2024-05-10,Me,11.0,,0
2024-05-10,Supermarket,36.0,,0
2024-05-10,Other,13.5,,0
2024-05-09,Supermarket,10.0,,0
2024-05-09,Mprikis,40.0,,0
2024-05-09,Private,24.0,,1
2024-05-08,Gym,50.0,,0
2024-05-08,Gifts,20.0,,0
2024-05-08,Supermarket,14.0,,0
2024-05-08,Fun,8.0,,0
2024-05-06,Fun,3.5,,0
2024-05-05,Vacation,20.0,,0
2024-05-05,Education,24.0,,0
2024-05-05,Vacation,30.0,,0
2024-05-04,Vacation,70.0,,0
2024-05-02,Vacation,50.0,,0
2024-05-01,Vodafone,9.5,,0
2024-05-01,Electricity,35.5,,0
2024-05-01,Rent,245.0,,0
2024-05-01,Vacation,70.0,,0
2024-04-30,Vacation,45.0,,0
2024-04-29,Vacation,70.0,,0
2024-04-28,Vacation,6.0,,0
2024-04-28,Mprikis,12.0,,0
2024-04-28,Vacation,9.0,,0
2024-04-28,Vacation,29.0,,0
2024-04-28,Vacation,10.0,,0
2024-04-27,Other,100.0,,0
2024-04-27,Fun,4.5,,0
2024-04-27,Other,100.0,,0
2024-04-27,Dad,500.0,,1
2024-04-27,Fun,6.5,,0
2024-04-25,Fun,16.0,,0
2024-04-25,Job,1125.0,,1
2024-04-25,Other,70.0,,0
2024-04-25,Fun,5.0,,0
2024-04-25,Fun,8.0,,0
2024-04-25,Fun,12.0,,0
2024-04-24,Gym,50.0,,0
2024-04-24,Job,1072.0,,1
2024-04-24,Private,24.0,,1
2024-04-24,Fuel,2.5,,0
2024-04-24,Fun,15.0,,0
2024-04-23,Fun,4.0,,0
2024-04-23,Me,6.0,,0
2024-04-22,Supermarket,8.5,,0
2024-04-21,Me,10.0,,0
2024-04-20,Fun,9.0,,0
2024-04-20,Fun,24.0,,0
2024-04-19,Me,24.0,,0
2024-04-18,Fun,8.5,,0
2024-04-18,Fuel,25.0,,0
2024-04-18,Fun,5.5,,0
2024-04-18,Haircut,10.0,,0
2024-04-18,Me,10.5,,0
2024-04-18,Me,7.0,,0
2024-04-18,Other,60.0,,0
2024-04-17,Fun,11.0,,0
2024-04-17,Fun,2.0,,0
2024-04-17,Fun,4.1,,0
2024-04-17,Private,24.0,,1
2024-04-17,Supermarket,8.0,,0
2024-04-15,Fun,6.5,,0
2024-04-15,Me,56.0,,0
2024-04-15,Fun,2.2,,0
2024-04-15,Vacation,263.0,,0
2024-04-14,Me,103.0,,0
2024-04-14,Fun,12.0,,0
2024-04-14,Health,13.5,,0
2024-04-13,Mom,150.0,,1
2024-04-13,Fun,15.0,,0
2024-04-13,Gifts,19.0,,0
2024-04-13,Fuel,20.0,,0
2024-04-12,Fun,7.0,,0
2024-04-12,Supermarket,25.5,,0
2024-04-11,Fun,11.0,,0
2024-04-09,Fun,13.2,,0
2024-04-09,Private,24.0,,1
2024-04-07,Fun,10.0,,0
2024-04-07,Fun,12.6,,0
2024-04-06,Fun,6.5,,0
2024-04-05,Fun,13.0,,0
2024-04-05,Gym,50.0,,0
2024-04-04,Fun,2.5,,0
2024-04-04,Health,70.0,,0
2024-04-04,Supermarket,35.0,,0
2024-04-04,Parking,30.0,,0
2024-04-04,Fun,30.0,,0
2024-04-03,Private,30.0,,1
2024-04-03,Fun,4.0,,0
2024-04-03,Fun,7.0,,0
2024-04-03,Fun,9.5,,0
2024-04-03,Fuel,25.0,,0
2024-04-02,Job,1200.0,,1
2024-04-02,Fun,1.8,,0
2024-04-01,Rent,264.0,,0
2024-04-01,Building fees,36.0,,0
2024-04-01,Fun,5.0,,0
2024-04-01,Electricity,62.5,,0
2024-04-01,Supermarket,7.2,,0
2024-04-01,Education,24.0,,0
2024-04-01,Vodafone,9.0,,0
2024-04-01,Fun,2.3,,0
2024-03-31,Fun,15.0,,0
2024-03-31,Gifts,31.0,,0
2024-03-30,Fun,5.0,,0
2024-03-29,Supermarket,13.0,,0
2024-03-29,Other,10.0,,0
2024-03-29,Fun,3.0,,0
2024-03-29,Fun,3.0,,0
2024-03-28,Fun,4.5,,0
2024-03-28,Fun,15.0,,0
2024-03-28,Vodafone,15.0,,0
2024-03-28,Fun,5.0,,0
2024-03-27,Private,20.0,,1
2024-03-27,Mprikis,48.0,,0
2024-03-27,Other,14.0,,0
2024-03-27,Gym,18.5,,0
2024-03-27,Supermarket,19.0,,0
2024-03-25,Fuel,23.0,,0
2024-03-25,Fun,16.0,,0
2024-03-24,Fun,11.0,,0
2024-03-23,Fun,2.3,,0
2024-03-22,Fun,7.5,,0
2024-03-21,Fun,21.3,,0
2024-03-21,Supermarket,9.5,,0
2024-03-20,Private,24.0,,1
2024-03-20,Supermarket,8.5,,0
2024-03-20,Fuel,20.0,,0
2024-03-20,Health,12.0,,0
2024-03-19,Fun,7.5,,0
2024-03-18,Fun,14.0,,0
2024-03-17,Fun,14.0,,0
2024-03-16,Supermarket,22.0,,0
2024-03-16,Fun,9.0,,0
2024-03-16,Dad,250.0,,1
2024-03-16,Fun,16.5,,0
2024-03-14,Haircut,10.0,,0
2024-03-14,Fun,12.5,,0
2024-03-14,Fun,5.0,,0
2024-03-13,Fun,2.5,,0
2024-03-13,Private,24.0,,1
2024-03-11,Fuel,27.0,,0
2024-03-10,Fun,10.0,,0
2024-03-09,Fun,7.0,,0
2024-03-08,Health,3.5,,0
2024-03-08,Fun,9.0,,0
2024-03-08,Supermarket,29.0,,0
2024-03-08,Me,19.0,,0
2024-03-07,Mprikis,8.0,,0
2024-03-07,Gifts,240.0,,0
2024-03-07,Supermarket,50.0,,0
2024-03-07,Fun,4.5,,0
2024-03-05,Gym,50.0,,0
2024-03-05,Parking,30.0,,0
2024-03-05,Private,24.0,,1
2024-03-05,Fun,2.5,,0
2024-03-05,Education,25.0,,0
2024-03-04,Fun,2.5,,0
2024-03-04,Supermarket,5.7,,0
2024-03-04,Other,8.0,,0
2024-03-04,Education,24.0,,0
2024-03-04,Fun,23.0,,0
2024-03-04,Supermarket,7.5,,0
2024-03-02,Supermarket,20.0,,0
2024-03-02,Vodafone,9.0,,0
2024-03-02,Me,25.0,,0
2024-03-01,Rent,264.0,,0
2024-03-01,Building fees,27.5,,0
2024-03-01,Fun,2.5,,0
2024-03-01,Electricity,9.0,,0
2024-03-01,Water,19.0,,0
2024-02-29,Fun,2.5,,0
2024-02-29,Job,1200.0,,1
2024-02-29,Private,24.0,,1
2024-02-28,Fun,13.0,,0
2024-02-28,Vodafone,15.0,,0
2024-02-27,Private,24.0,,1
2024-02-27,Fuel,20.0,,0
2024-02-26,Fun,6.3,,0
2024-02-24,Supermarket,16.0,,0
2024-02-24,Fun,12.0,,0
2024-02-23,Fun,14.5,,0
2024-02-21,Supermarket,8.7,,0
2024-02-21,Fun,2.2,,0
2024-02-21,Gym,10.0,,0
2024-02-20,Health,14.0,,0
2024-02-20,Private,24.0,,1
2024-02-20,Fun,25.0,,0
2024-02-20,Fun,2.2,,0
2024-02-19,Fuel,23.0,,0
2024-02-18,Fun,10.0,,0
2024-02-18,Fun,20.0,,0
2024-02-17,Supermarket,23.0,,0
2024-02-15,Haircut,10.0,,0
2024-02-15,Dad,250.0,,1
2024-02-15,Fuel,10.0,,0
2024-02-15,Fun,4.5,,0
2024-02-14,Private,24.0,,1
2024-02-14,Gym,10.0,,0
2024-02-14,Supermarket,8.5,,0
2024-02-14,Fun,5.5,,0
2024-02-13,Fun,21.0,,0
2024-02-11,Fun,30.0,,0
2024-02-09,Fuel,20.0,,0
2024-02-09,Me,131.0,,0
2024-02-09,Fun,7.0,,0
2024-02-09,Fun,2.2,,0
2024-02-08,Gym,10.0,,0
2024-02-06,Gym,50.0,,0
2024-02-06,Private,30.0,,1
2024-02-06,Fun,10.0,,0
2024-02-06,Supermarket,18.0,,0
2024-02-05,Supermarket,21.5,,0
2024-02-04,Education,24.0,,0
2024-02-04,Fun,11.0,,0
2024-02-02,Gym,50.0,,0
2024-02-02,Fun,25.0,,0
2024-02-02,Fuel,20.0,,0
2024-02-02,Parking,30.0,,0
2024-02-01,Electricity,43.0,,0
2024-02-01,Fun,20.0,,0
2024-02-01,Rent,265.0,,0
2024-02-01,Building fees,38.5,,0
2024-02-01,Fun,11.5,,0
2024-02-01,Vodafone,9.0,,0
2024-01-31,Supermarket,15.0,,0
2024-01-31,Job,1200.0,,1
2024-01-31,Gym,10.0,,0
2024-01-30,Supermarket,9.5,,0
2024-01-29,Fun,9.0,,0
2024-01-28,Fun,12.0,,0
2024-01-28,Vodafone,15.0,,0
2024-01-26,Supermarket,18.0,,0
2024-01-26,Fun,9.0,,0
2024-01-26,Fuel,20.0,,0
2024-01-25,Fun,30.0,,0
2024-01-24,MOTOmaintenance/oil/insurance,305.0,,0
2024-01-24,Fun,4.5,,0
2024-01-23,Other,6.5,,0
2024-01-23,Mprikis,8.0,,0
2024-01-23,Dad,260.0,,1
2024-01-23,Private,24.0,,1
2024-01-22,Gym,10.0,,0
2024-01-22,Supermarket,7.0,,0
2024-01-22,Health,18.0,,0
2024-01-20,Other,65.0,,0
2024-01-20,Fuel,22.0,,0
2024-01-20,Supermarket,4.5,,0
2024-01-20,Efka,478.0,,0
2024-01-19,Supermarket,15.0,,0
2024-01-19,Fun,14.0,,0
2024-01-19,Supermarket,10.0,,0
2024-01-17,Fun,2.2,,0
2024-01-17,Supermarket,21.0,,0
2024-01-17,Private,24.0,,1
2024-01-17,Gym,10.0,,0
2024-01-17,Fun,20.0,,0
2024-01-17,Health,35.0,,0
2024-01-16,Gifts,45.0,,0
2024-01-16,Fun,18.0,,0
2024-01-14,Fun,22.0,,0
2024-01-14,Fun,5.0,,0
2024-01-14,Fuel,22.0,,0
2024-01-14,Fun,21.0,,0
2024-01-13,Fun,8.5,,0
2024-01-11,Fun,30.0,,0
2024-01-11,Mprikis,88.0,,0
2024-01-11,Supermarket,5.5,,0
2024-01-10,Gym,10.0,,0
2024-01-10,Supermarket,13.0,,0
2024-01-10,Fun,4.5,,0
2024-01-10,Private,24.0,,1
2024-01-09,Supermarket,8.0,,0
2024-01-09,Accountant,30.0,,0
2024-01-09,Hobies,80.0,,0
2024-01-09,Other,10.0,,0
2024-01-07,Fuel,23.0,,0
2024-01-07,Fun,7.5,,0
2024-01-06,Fun,10.0,,0
2024-01-06,Education,25.0,,0
2024-01-05,MOTOmaintenance/oil/insurance,54.0,,0
2024-01-05,Gym,10.0,,0
2024-01-04,Gym,50.0,,0
2024-01-04,Fun,8.5,,0
2024-01-04,Supermarket,9.0,,0
2024-01-03,Supermarket,18.0,,0
2024-01-03,Parking,30.0,,0
2024-01-02,Other,17.0,,0
2024-01-02,Fun,4.5,,0
2024-01-02,Me,84.0,,0
2024-01-01,Building fees,67.0,,0
2024-01-01,Health,13.0,,0
2024-01-01,Rent,260.0,,0
2024-01-01,Water,21.0,,0
2024-01-01,Vodafone,15.0,,0
2024-01-01,Supermarket,22.0,,0
2024-01-01,Fun,7.0,,0
2023-12-30,Me,34.0,,0
2023-12-30,Fun,28.0,,0
2023-12-30,Gifts,102.0,,0
2023-12-30,Fuel,20.0,,0
2023-12-30,Supermarket,8.0,,0
2023-12-29,Vacation,256.0,,0
2023-12-29,Job,720.0,,1
2023-12-29,Fun,10.0,,0
2023-12-29,Vacation,345.0,,0
2023-12-29,Efka,150.0,,0
2023-12-28,Fun,15.0,,0
2023-12-28,Haircut,10.0,,0
2023-12-28,Other,10.0,,0
2023-12-27,Vacation,516.0,,0
2023-12-27,Fun,13.5,,0
2023-12-25,Fun,12.0,,0
2023-12-25,Fuel,24.0,,0
2023-12-24,Fun,25.0,,0
2023-12-23,Me,18.0,,0
2023-12-23,Me,10.0,,0
2023-12-23,Supermarket,9.0,,0
2023-12-23,Gifts,24.0,,0
2023-12-23,Other,2074.0,,0
2023-12-22,Gifts,56.0,,0
2023-12-22,Supermarket,6.0,,0
2023-12-22,Fun,9.0,,0
2023-12-22,Gifts,24.0,,0
2023-12-22,Fun,3.0,,0
2023-12-22,Job,669.0,,1
2023-12-20,Supermarket,21.0,,0
2023-12-19,Dad,350.0,,1
2023-12-19,Supermarket,5.0,,0
2023-12-19,Health,51.0,,0
2023-12-19,Gifts,80.0,,0
2023-12-18,Other,4.0,,0
2023-12-18,Job,162.0,,1
2023-12-18,Gifts,40.0,,0
2023-12-17,Mom,50.0,,1
2023-12-17,Fun,25.0,,0
2023-12-16,Other,170.0,,0
2023-12-16,Fuel,24.0,,0
2023-12-15,Education,10.0,,0
2023-12-15,Fun,11.0,,0
2023-12-14,Supermarket,8.0,,0
2023-12-14,Fun,35.0,,0
2023-12-13,Other,17.0,,0
2023-12-13,Supermarket,23.0,,0
2023-12-12,Fun,18.0,,0
2023-12-12,MOTOmaintenance/oil/insurance,350.0,,0
2023-12-12,Gifts,53.0,,0
2023-12-12,Private,24.0,,1
2023-12-11,Fun,7.0,,0
2023-12-10,Education,25.0,,0
2023-12-10,Fun,12.0,,0
2023-12-09,Fun,12.5,,0
2023-12-09,Health,8.0,,0
2023-12-09,Fun,7.0,,0
2023-12-08,Fun,17.0,,0
2023-12-07,Supermarket,17.5,,0
2023-12-07,Fun,17.5,,0
2023-12-06,Private,24.0,,1
2023-12-06,Fuel,20.0,,0
2023-12-06,Fun,2.2,,0
2023-12-06,Supermarket,2.0,,0
2023-12-05,Gym,50.0,,0
2023-12-04,Supermarket,8.6,,0
2023-12-04,Mprikis,45.0,,0
2023-12-04,Fun,12.0,,0
2023-12-03,Fun,5.0,,0
2023-12-03,MOTOmaintenance/oil/insurance,5.0,,0
2023-12-03,Education,25.0,,0
2023-12-02,Fun,4.0,,0
2023-12-02,Vodafone,13.0,,0
2023-12-02,Building fees,20.0,,0
2023-12-02,Electricity,55.0,,0
2023-12-01,Job,1200.0,,1
2023-12-01,Fun,17.0,,0
2023-12-01,Rent,260.0,,0
2023-12-01,Parking,30.0,,0
2023-12-01,Fun,4.5,,0
2023-11-29,Mprikis,4.5,,0
2023-11-29,Fun,14.0,,0
2023-11-29,Fuel,23.0,,0
2023-11-29,Supermarket,7.5,,0
2023-11-29,Other,11.0,,0
2023-11-29,Accountant,50.0,,0
2023-11-29,Private,24.0,,1
2023-11-28,Fun,6.5,,0
2023-11-28,Fun,7.2,,0
2023-11-28,Other,20.0,,0
2023-11-28,Efka,150.0,,0
2023-11-26,Fun,20.0,,0
2023-11-26,Health,7.0,,0
2023-11-24,Fun,26.0,,0
2023-11-22,Fuel,23.0,,0
2023-11-22,Supermarket,13.5,,0
2023-11-20,Me,37.5,,0
2023-11-18,Fun,31.0,,0
2023-11-18,Mom,80.0,,1
2023-11-15,Fun,11.0,,0
2023-11-15,Supermarket,14.0,,0
2023-11-14,Private,24.0,,1
2023-11-14,Fuel,22.5,,0
2023-11-14,Fun,9.5,,0
2023-11-12,Health,12.0,,0
2023-11-12,Other,15.0,,0
2023-11-11,Fun,10.0,,0
2023-11-10,Fun,31.0,,0
2023-11-10,Vodafone,13.0,,0
2023-11-08,Fun,6.0,,0
2023-11-08,Fun,2.0,,0
2023-11-08,Fun,9.0,,0
2023-11-08,Fuel,26.5,,0
2023-11-07,Supermarket,10.0,,0
2023-11-06,Building fees,10.0,,0
2023-11-06,Vodafone,10.0,,0
2023-11-06,Fun,7.5,,0
2023-11-06,Electricity,18.0,,0
2023-11-06,Parking,30.0,,0
2023-11-05,Education,25.0,,0
2023-11-05,Fun,20.0,,0
2023-11-04,Other,7.0,,0
2023-11-04,Gym,50.0,,0
2023-11-04,Haircut,10.0,,0
2023-11-04,Fun,6.0,,0
2023-11-02,Fuel,20.0,,0
2023-11-02,Fun,2.0,,0
2023-11-02,Fun,3.5,,0
2023-11-02,Rent,260.0,,0
2023-11-02,Private,24.0,,1
2023-11-02,Dad,400.0,,1
2023-11-01,Supermarket,8.5,,0
2023-11-01,Fun,10.0,,0
2023-10-30,Supermarket,45.0,,0
2023-10-29,Fun,11.0,,0
2023-10-26,Efka,150.0,,0
2023-10-26,Education,900.0,,0
2023-10-25,Fuel,23.0,,0
2023-10-25,Fun,14.0,,0
2023-10-25,Private,24.0,,1
2023-10-24,Fun,2.0,,0
2023-10-24,Accountant,10.0,,0
2023-10-23,Mprikis,21.0,,0
2023-10-23,Fun,3.2,,0
2023-10-22,Lena,20.0,,1
2023-10-22,Fun,30.0,,0
2023-10-20,Fun,5.5,,0
2023-10-20,Fun,7.0,,0
2023-10-19,Health,8.5,,0
2023-10-19,Health,18.0,,0
2023-10-19,Fun,12.5,,0
2023-10-18,Mprikis,10.0,,0
2023-10-18,Fun,16.0,,0
2023-10-18,Private,24.0,,1
2023-10-18,Fun,4.0,,0
2023-10-18,Dad,50.0,,1
2023-10-15,Vacation,78.0,,0
2023-10-12,Allowance,100.0,,1
2023-10-12,Supermarket,14.5,,0
2023-10-11,Gym,35.0,,0
2023-10-11,Fuel,20.0,,0
2023-10-10,Gym,18.0,,0
2023-10-10,Private,24.0,,1
2023-10-10,Fun,5.0,,0
2023-10-09,Dad,400.0,,1
2023-10-09,Fun,5.0,,0
2023-10-08,Fun,1.5,,0
2023-10-08,Other,5.0,,0
2023-10-08,Health,26.0,,0
2023-10-06,Fun,4.0,,0
2023-10-06,Health,20.0,,0
2023-10-05,Fun,7.5,,0
2023-10-05,Parking,30.0,,0
2023-10-05,Gym,50.0,,0
2023-10-05,Fun,12.5,,0
2023-10-04,Mom,110.0,,1
2023-10-04,Education,25.0,,0
2023-10-03,Fun,4.0,,0
2023-10-03,Mprikis,9.2,,0
2023-10-03,Haircut,10.0,,0
2023-10-03,Health,40.0,,0
2023-10-02,Allowance,52.0,,1
2023-10-02,Other,10.0,,0
2023-10-02,Gym,35.0,,0
2023-10-01,Fun,12.0,,0
2023-10-01,Rent,260.0,,0
2023-09-30,Electricity,47.0,,0
2023-09-30,Fuel,23.0,,0
2023-09-30,Vodafone,9.0,,0
2023-09-29,Fun,9.0,,0
2023-09-29,Building fees,9.0,,0
2023-09-29,Supermarket,3.5,,0
2023-09-27,Fun,15.5,,0
2023-09-27,Me,40.0,,0
2023-09-27,Private,24.0,,1
2023-09-26,Fun,2.2,,0
2023-09-26,Gifts,20.5,,0
2023-09-25,Vodafone,12.0,,0
2023-09-24,Fun,20.0,,0
2023-09-24,Mom,60.0,,1
2023-09-23,Supermarket,2.0,,0
2023-09-23,Fun,8.0,,0
2023-09-22,Fun,10.0,,0
2023-09-22,Supermarket,15.0,,0
2023-09-20,Other,25.0,,0
2023-09-20,Fun,8.0,,0
2023-09-20,MOTOmaintenance/oil/insurance,32.0,,0
2023-09-19,Private,24.0,,1
2023-09-19,Dad,10.0,,1
2023-09-18,Me,24.0,,0
2023-09-18,Fun,4.0,,0
2023-09-17,Fun,9.0,,0
2023-09-17,Mprikis,9.0,,0
2023-09-16,Fuel,25.0,,0
2023-09-16,Fun,3.0,,0
2023-09-16,Fun,4.5,,0
2023-09-15,Fun,11.5,,0
2023-09-15,Other,50.0,,0
2023-09-12,Supermarket,5.0,,0
2023-09-12,Private,18.0,,1
2023-09-12,Fun,6.0,,0
2023-09-11,Health,60.0,,0
2023-09-10,Gifts,22.0,,0
2023-09-10,Fuel,10.0,,0
2023-09-10,Fun,14.0,,0
2023-09-10,Fun,12.0,,0
2023-09-09,Fun,8.0,,0
2023-09-08,Fun,12.0,,0
2023-09-08,Gifts,24.0,,0
2023-09-07,Education,25.0,,0
2023-09-07,Gym,20.0,,0
2023-09-06,Fun,10.5,,0
2023-09-06,Supermarket,25.0,,0
2023-09-06,Me,15.5,,0
2023-09-05,Fun,7.0,,0
2023-09-05,Supermarket,1.5,,0
2023-09-05,Fun,2.0,,0
2023-09-05,Parking,30.0,,0
2023-09-04,Health,20.0,,0
2023-09-04,Gym,50.0,,0
2023-09-03,Vacation,65.0,,0
2023-09-03,Fuel,15.0,,0
2023-09-03,Electricity,33.5,,0
2023-09-03,Vodafone,17.0,,0
2023-09-03,Supermarket,15.0,,0
2023-09-01,Rent,260.0,,0
2023-09-01,Fun,10.0,,0
2023-08-31,Dad,250.0,,1
2023-08-31,Haircut,10.0,,0
2023-08-30,Fun,20.0,,0
2023-08-29,Fun,11.0,,0
2023-08-29,MOTOmaintenance/oil/insurance,57.0,,0
2023-08-27,Fun,7.0,,0
2023-08-27,Supermarket,8.0,,0
2023-08-25,Fun,26.0,,0
2023-08-24,Vodafone,15.0,,0
2023-08-24,Fun,2.0,,0
2023-08-22,Vacation,300.0,,0
2023-08-16,Vacation,42.0,,0
2023-08-14,Vacation,35.0,,0
2023-08-13,Fun,11.0,,0
2023-08-13,Fuel,9.0,,0
2023-08-13,Vacation,3.2,,0
2023-08-12,Fun,18.5,,0
2023-08-11,Vacation,7.0,,0
2023-08-11,Vacation,31.0,,0
2023-08-10,Fun,12.0,,0
2023-08-09,Fun,6.5,,0
2023-08-09,Vacation,36.0,,0
2023-08-08,Me,53.0,,0
2023-08-08,Me,5.0,,0
2023-08-08,Fun,12.0,,0
2023-08-08,Gifts,28.0,,0
2023-08-07,Supermarket,35.0,,0
2023-08-07,Mprikis,50.0,,0
2023-08-07,Fun,5.0,,0
2023-08-06,Dad,600.0,,1
2023-08-06,Vacation,35.0,,0
2023-08-05,Me,60.0,,0
2023-08-05,Supermarket,17.0,,0
2023-08-05,Mom,30.0,,1
2023-08-04,Parking,30.0,,0
2023-08-04,Haircut,10.0,,0
2023-08-04,Fuel,20.0,,0
2023-08-03,Education,19.0,,0
2023-08-03,Fun,7.0,,0
2023-08-02,Other,100.0,,0
2023-08-02,Fun,20.0,,0
2023-08-01,Fun,3.1,,0
2023-08-01,Mprikis,10.4,,0
2023-08-01,Vacation,25.0,,0
2023-08-01,Rent,30.0,,0
2023-08-01,Electricity,19.0,,0
2023-08-01,Private,50.0,,1
2023-07-31,Mprikis,30.0,,0
2023-07-30,Other,50.0,,0
2023-07-30,Fun,50.0,,0
2023-07-29,Fun,10.0,,0
2023-07-28,Rent,15.5,,0
2023-07-28,Building fees,9.9,,0
2023-07-27,Fun,5.0,,0
2023-07-26,Fun,3.5,,0
2023-07-26,Dad,100.0,,1
2023-07-26,Other,500.0,,0
2023-07-26,Mprikis,3.0,,0
2023-07-26,Fun,22.0,,0
2023-07-26,Mprikis,5.0,,0
2023-07-26,Fun,8.5,,0
2023-07-26,Fuel,20.0,,0
2023-07-24,Vodafone,12.0,,0
2023-07-24,Supermarket,13.0,,0
2023-07-23,Fun,6.5,,0
2023-07-23,Supermarket,16.0,,0
2023-07-22,Mprikis,5.0,,0
2023-07-22,Fun,14.0,,0
2023-07-21,Fun,8.0,,0
2023-07-20,Other,100.0,,0
2023-07-19,Vacation,83.0,,0
2023-07-19,Vacation,22.0,,0
2023-07-17,Vacation,3.0,,0
2023-07-17,Vacation,24.5,,0
2023-07-17,Vacation,3.5,,0
2023-07-13,Supermarket,3.5,,0
2023-07-13,Haircut,10.0,,0
2023-07-13,Fuel,20.0,,0
2023-07-12,Education,31.0,,0
2023-07-12,Mprikis,4.5,,0
2023-07-10,Fun,5.0,,0
2023-07-10,Fun,9.0,,0
2023-07-10,Gifts,5.0,,0
2023-07-09,Gifts,21.5,,0
2023-07-06,Supermarket,10.0,,0
2023-07-06,Fun,4.0,,0
2023-07-04,Dad,20.0,,1
2023-07-04,Fun,26.0,,0
2023-07-04,Parking,30.0,,0
2023-07-04,Fun,3.0,,0
2023-07-03,MOTOmaintenance/oil/insurance,210.0,,0
2023-07-03,Other,23.0,,0
2023-07-03,Education,25.0,,0
2023-07-03,Rent,220.0,,0
2023-07-02,Mom,180.0,,1
2023-07-01,Other,95.0,,0
2023-07-01,Fun,3.0,,0
2023-07-01,Rent,260.0,,0
2023-07-01,Other,2.0,,0
2023-06-30,Supermarket,15.0,,0
2023-06-30,Fun,3.5,,0
2023-06-28,Fun,7.5,,0
2023-06-28,Other,4.0,,0
2023-06-28,Fuel,20.0,,0
2023-06-27,Fun,9.0,,0
2023-06-27,Other,26.0,,0
2023-06-27,Fun,3.0,,0
2023-06-26,Fun,11.0,,0
2023-06-26,Fun,2.0,,0
2023-06-26,Fun,9.5,,0
2023-06-26,Other,8.0,,0
2023-06-24,Other,79.0,,0
2023-06-24,Dad,250.0,,1
2023-06-23,Fun,10.0,,0
2023-06-23,Fun,15.0,,0
2023-06-23,Haircut,10.0,,0
2023-06-22,Vodafone,13.0,,0
2023-06-21,Other,5.5,,0
2023-06-21,Fun,4.5,,0
2023-06-20,Gym,50.0,,0
2023-06-20,Fuel,20.0,,0
2023-06-19,Other,4.5,,0
2023-06-19,Mprikis,5.0,,0
2023-06-18,Fun,3.0,,0
2023-06-17,Fun,8.5,,0
2023-06-16,Fun,4.0,,0
2023-06-16,Other,25.0,,0
2023-06-16,Other,21.0,,0
2023-06-14,Mom,80.0,,1
2023-06-14,Private,50.0,,1
2023-06-14,Private,30.0,,1
2023-06-14,Other,25.5,,0
2023-06-14,Fun,22.5,,0
2023-06-12,Private,50.0,,1
2023-06-12,Other,13.0,,0
2023-06-12,Other,25.0,,0
2023-06-09,Fun,8.5,,0
2023-06-09,Fuel,20.0,,0
2023-06-08,Other,59.0,,0
2023-06-07,Fun,11.5,,0
2023-06-07,Private,20.0,,1
2023-06-06,Mom,20.0,,1
2023-06-06,Fun,7.0,,0
2023-06-05,Fun,6.0,,0
2023-06-04,Fun,13.5,,0
2023-06-03,Fuel,15.0,,0
2023-06-02,Haircut,10.0,,0
2023-06-02,Fun,8.0,,0
2023-06-01,Private,30.0,,1
2023-05-31,Allowance,70.0,,1
2023-05-31,Private,20.0,,1
2023-05-31,Fun,20.0,,0
2023-05-30,Private,50.0,,1
2023-05-30,Parking,30.0,,0
2023-05-30,Private,20.0,,1
2023-05-29,Private,20.0,,1
2023-05-29,Mom,80.0,,1
2023-05-29,Private,45.0,,1
2023-05-29,Vodafone,80.0,,0
2023-05-28,Fun,10.0,,0
2023-05-27,Fun,11.0,,0
2023-05-27,Private,20.0,,1
2023-05-27,Rent,520.0,,0
2023-05-26,Private,40.0,,1
2023-05-26,Private,20.0,,1
2023-05-26,Private,25.0,,1
2023-05-26,Mprikis,5.0,,0
2023-05-26,Fuel,20.0,,0
2023-05-26,MOTOmaintenance/oil/insurance,180.0,,0
2023-05-24,Fun,14.0,,0
2023-05-23,Private,18.0,,1
2023-05-23,Me,10.0,,0
2023-05-23,Health,22.5,,0
2023-05-22,Private,70.0,,1
2023-05-22,Vodafone,12.0,,0
2023-05-22,Fun,5.0,,0
2023-05-22,Me,50.0,,0
2023-05-22,Fun,4.0,,0
2023-05-22,Private,20.0,,1
2023-05-21,Dad,200.0,,1
2023-05-21,Vodafone,80.0,,0
2023-05-21,Fuel,10.0,,0
2023-05-21,Electricity,25.0,,0
2023-05-21,Mom,50.0,,1
2023-05-20,Fun,11.0,,0
2023-05-19,Fun,4.0,,0
2023-05-19,Private,20.0,,1
2023-05-19,Gym,50.0,,0
2023-05-18,Me,100.0,,0
2023-05-18,Fun,15.0,,0
2023-05-18,Private,25.0,,1
2023-05-17,Fun,3.0,,0
2023-05-17,Fun,20.0,,0
2023-05-17,Private,40.0,,1
2023-05-15,Health,88.0,,0
2023-05-15,Fun,1.5,,0
2023-05-13,Fun,6.0,,0
2023-05-13,Mom,80.0,,1
2023-05-12,Mprikis,5.0,,0
2023-05-12,Fun,2.5,,0
2023-05-12,Private,20.0,,1
2023-05-11,Private,25.0,,1
2023-05-11,Mprikis,39.0,,0
2023-05-11,Fun,5.0,,0
2023-05-10,Health,20.0,,0
2023-05-10,Private,20.0,,1
2023-05-09,Private,18.0,,1
2023-05-09,Private,28.0,,1
2023-05-09,Gym,44.0,,0
2023-05-09,Fun,8.0,,0
2023-05-08,Gifts,20.0,,0
2023-05-07,Fun,8.5,,0
2023-05-05,Fuel,15.0,,0
2023-05-05,Haircut,10.0,,0
2023-05-05,Mprikis,5.0,,0
2023-05-04,Private,40.0,,1
2023-05-04,Fun,7.0,,0
2023-05-04,Private,25.0,,1
2023-05-04,Fun,11.0,,0
2023-05-02,Fun,2.0,,0
2023-05-02,Private,18.0,,1
2023-05-01,Fun,59.0,,0
2023-05-01,Fun,13.5,,0
2023-05-01,Private,31.0,,1
2023-04-28,Gift,100.0,,1
2023-04-28,Mom,20.0,,1
2023-04-28,Allowance,70.0,,1
2023-04-27,Private,25.0,,1
2023-04-27,Fun,13.0,,0
2023-04-26,Fuel,20.0,,0
2023-04-26,Fun,2.5,,0
2023-04-26,Private,20.0,,1
2023-04-25,Fun,13.0,,0
2023-04-25,Private,18.0,,1
2023-04-24,Fun,10.0,,0
2023-04-23,Private,20.0,,1
2023-04-22,Fun,4.0,,0
2023-04-21,Fun,11.0,,0
2023-04-21,Gym,50.0,,0
2023-04-20,Private,35.0,,1
2023-04-20,Fun,17.5,,0
2023-04-20,Mprikis,18.0,,0
2023-04-19,Private,20.0,,1
2023-04-19,Dad,300.0,,1
2023-04-19,Mprikis,5.0,,0
2023-04-19,Fuel,20.0,,0
2023-04-17,Fun,5.5,,0
2023-04-16,Mprikis,5.0,,0
2023-04-15,Gift,70.0,,1
2023-04-15,Fun,9.5,,0
2023-04-14,Fun,19.0,,0
2023-04-13,Health,18.0,,0
2023-04-13,MOTOmaintenance/oil/insurance,30.0,,0
2023-04-11,Private,20.0,,1
2023-04-10,Vacation,150.0,,0
2023-04-10,Fun,11.0,,0
2023-04-07,Private,20.0,,1
2023-04-07,Fuel,20.0,,0
2023-04-07,Fun,13.5,,0
2023-04-07,Haircut,10.0,,0
2023-04-07,Private,30.0,,1
2023-04-05,Fun,9.5,,0
2023-04-05,Fun,16.5,,0
2023-04-05,Private,20.0,,1
2023-04-04,Fun,8.0,,0
2023-04-04,Private,16.0,,1
2023-04-04,Mom,150.0,,1
2023-04-04,Mom,50.0,,1
2023-04-02,Fun,4.5,,0
2023-04-01,Fun,14.0,,0
2023-04-01,Gifts,23.0,,0
2023-03-30,Private,20.0,,1
2023-03-30,Fun,13.0,,0
2023-03-30,Allowance,70.0,,1
2023-03-29,Private,20.0,,1
2023-03-29,Mom,120.0,,1
2023-03-28,Mprikis,5.0,,0
2023-03-28,Mprikis,16.0,,0
2023-03-28,Me,4.0,,0
2023-03-28,Private,20.0,,1
2023-03-27,Fuel,20.0,,0
2023-03-27,Private,40.0,,1
2023-03-25,Fun,9.0,,0
2023-03-24,Fun,6.5,,0
2023-03-24,Private,20.0,,1
2023-03-23,Health,18.0,,0
2023-03-22,Fun,10.0,,0
2023-03-22,Gym,60.0,,0
2023-03-22,Private,20.0,,1
2023-03-22,Private,18.0,,1
2023-03-21,Fun,17.0,,0
2023-03-21,Electricity,95.0,,0
2023-03-21,Mprikis,5.0,,0
2023-03-20,Fun,5.2,,0
2023-03-19,Fuel,22.0,,0
2023-03-19,Fun,4.0,,0
2023-03-19,Fun,10.0,,0
2023-03-18,Gifts,70.0,,0
2023-03-18,Gym,107.0,,0
2023-03-17,Supermarket,13.0,,0
2023-03-17,Fun,5.0,,0
2023-03-17,Private,20.0,,1
2023-03-16,Private,30.0,,1
2023-03-16,Fun,15.0,,0
2023-03-15,Private,20.0,,1
2023-03-15,Supermarket,2.0,,0
2023-03-15,Health,10.5,,0
2023-03-14,Private,16.0,,1
2023-03-14,Fun,10.0,,0
2023-03-13,Private,40.0,,1
2023-03-13,Health,20.0,,0
2023-03-13,Vodafone,12.0,,0
2023-03-12,Fuel,20.0,,0
2023-03-11,Other,90.0,,0
2023-03-11,Fun,8.0,,0
2023-03-11,Dad,200.0,,1
2023-03-10,Fun,18.0,,0
2023-03-10,Private,40.0,,1
2023-03-09,Haircut,10.0,,0
2023-03-09,Education,900.0,,0
2023-03-09,Other,56.5,,0
2023-03-09,Private,25.0,,1
2023-03-08,Fun,13.5,,0
2023-03-07,Private,20.0,,1
2023-03-07,Fun,2.0,,0
2023-03-06,Private,28.0,,1
2023-03-05,Fun,15.0,,0
2023-03-05,Fun,3.0,,0
2023-03-05,Fun,13.0,,0
2023-03-05,Gifts,60.0,,0
2023-03-04,Private,40.0,,1
2023-03-04,Fun,14.5,,0
2023-03-03,Fun,13.0,,0
2023-03-03,Private,25.0,,1
2023-03-02,Fun,11.0,,0
2023-02-28,Fuel,20.0,,0
2023-02-28,Health,46.0,,0
2023-02-28,Private,18.0,,1
2023-02-28,Supermarket,18.0,,0
2023-02-27,Fun,20.0,,0
2023-02-26,Fun,12.0,,0
2023-02-25,Mprikis,17.0,,0
2023-02-25,Fun,6.5,,0
2023-02-25,Fun,1.5,,0
2023-02-24,Allowance,70.0,,1
2023-02-24,Fun,13.0,,0
2023-02-23,Private,25.0,,1
2023-02-22,Private,20.0,,1
2023-02-22,Fun,4.5,,0
2023-02-21,Private,28.0,,1
2023-02-21,Supermarket,10.0,,0
2023-02-21,Private,16.0,,1
2023-02-20,Me,60.0,,0
2023-02-19,Fun,12.0,,0
2023-02-18,Fun,5.5,,0
2023-02-18,Education,60.0,,0
2023-02-17,Electricity,84.0,,0
2023-02-17,Fun,2.0,,0
2023-02-17,Private,28.0,,1
2023-02-16,Fun,6.0,,0
2023-02-16,Private,20.0,,1
2023-02-16,Fun,5.0,,0
2023-02-14,Private,20.0,,1
2023-02-14,Supermarket,21.0,,0
2023-02-13,Fun,13.5,,0
2023-02-13,Private,20.0,,1
2023-02-12,Fun,20.0,,0
2023-02-11,Fuel,20.0,,0
2023-02-10,Private,23.0,,1
2023-02-10,Private,35.0,,1
2023-02-10,Vodafone,13.0,,0
2023-02-10,Private,18.0,,1
2023-02-10,Fun,7.5,,0
2023-02-10,Private,40.0,,1
2023-02-08,Dad,200.0,,1
2023-02-06,Health,2.5,,0
2023-02-03,Fun,14.5,,0
2023-02-02,Private,20.0,,1
2023-02-02,Haircut,10.0,,0
2023-02-02,Fun,3.5,,0
2023-02-02,Private,35.0,,1
2023-02-01,MOTOmaintenance/oil/insurance,140.0,,0
2023-01-31,Fun,20.0,,0
2023-01-31,Private,28.0,,1
2023-01-31,Private,18.0,,1
2023-01-31,Allowance,70.0,,1
2023-01-31,Supermarket,12.0,,0
2023-01-29,Mom,50.0,,1
2023-01-27,Private,18.0,,1
2023-01-26,Private,14.0,,1
2023-01-25,Me,55.0,,0
2023-01-25,Me,2.0,,0
2023-01-25,Other,10.0,,0
2023-01-24,Fun,40.0,,0
2023-01-24,Education,60.0,,0
2023-01-24,Supermarket,12.0,,0
2023-01-24,Mprikis,15.0,,0
2023-01-24,Electricity,65.0,,0
2023-01-23,Private,28.0,,1
2023-01-22,Mom,80.0,,1
2023-01-22,Mom,60.0,,1
2023-01-22,Vodafone,68.0,,0
2023-01-22,Rent,280.0,,0
2023-01-21,Fun,22.0,,0
2023-01-21,Fuel,20.0,,0
2023-01-19,Private,25.0,,1
2023-01-18,Fun,28.0,,0
2023-01-18,Private,50.0,,1
2023-01-17,Dad,300.0,,1
2023-01-17,Private,20.0,,1
2023-01-15,MOTOmaintenance/oil/insurance,55.0,,0
2023-01-15,Fun,12.0,,0
2023-01-15,Gifts,53.0,,0
2023-01-14,Fun,10.0,,0
2023-01-13,Private,20.0,,1
2023-01-12,Fun,5.5,,0
2023-01-12,Private,25.0,,1
2023-01-12,Private,20.0,,1
2023-01-12,Fuel,20.0,,0
2023-01-12,Fun,4.5,,0
2023-01-10,Education,40.0,,0
2023-01-10,Supermarket,8.0,,0
2023-01-10,Private,18.0,,1
2023-01-09,Private,30.0,,1
2023-01-09,Vodafone,12.0,,0
2023-01-06,Fun,4.0,,0
2023-01-05,Haircut,10.0,,0
2023-01-05,Fun,3.7,,0
2023-01-05,Private,20.0,,1
2023-01-05,Fun,5.5,,0
2023-01-03,Supermarket,10.0,,0
2023-01-03,Fun,1.5,,0
2023-01-02,Fuel,21.5,,0
2022-12-31,Fun,8.0,,0
2022-12-31,Gifts,10.0,,0
2022-12-31,Fun,5.0,,0
2022-12-30,Health,7.5,,0
2022-12-30,Fun,5.5,,0
2022-12-29,Private,33.0,,1
2022-12-28,Fun,29.0,,0
2022-12-27,Mprikis,24.0,,0
2022-12-27,Supermarket,19.0,,0
2022-12-27,MOTOmaintenance/oil/insurance,25.0,,0
2022-12-27,Supermarket,5.0,,0
2022-12-27,Fun,3.5,,0
2022-12-27,Health,6.5,,0
2022-12-27,Dad,265.0,,1
2022-12-26,Fun,4.0,,0
2022-12-26,Gift,50.0,,1
2022-12-23,Fun,16.0,,0
2022-12-23,Private,16.0,,1
2022-12-23,Fun,15.0,,0
2022-12-23,Fuel,20.0,,0
2022-12-23,Private,35.0,,1
2022-12-23,Private,28.0,,1
2022-12-22,Fun,2.5,,0
2022-12-21,Supermarket,13.5,,0
2022-12-21,Gift,100.0,,1
2022-12-21,Fun,10.0,,0
2022-12-20,Fun,5.0,,0
2022-12-20,Electricity,33.0,,0
2022-12-20,Fun,2.0,,0
2022-12-19,Allowance,70.0,,1
2022-12-19,Me,32.0,,0
2022-12-17,Fun,5.5,,0
2022-12-16,Fun,5.5,,0
2022-12-16,Private,20.0,,1
2022-12-15,Private,25.0,,1
2022-12-15,Rent,200.0,,0
2022-12-15,Fun,1.0,,0
2022-12-14,Private,20.0,,1
2022-12-14,Private,20.0,,1
2022-12-14,Education,84.0,,0
2022-12-14,Fun,28.0,,0
2022-12-13,Fun,13.5,,0
2022-12-13,Haircut,10.0,,0
2022-12-13,Supermarket,15.0,,0
2022-12-13,Fun,4.0,,0
2022-12-12,Fuel,21.0,,0
2022-12-12,Private,200.0,,1
2022-12-11,Fun,10.0,,0
2022-12-11,Gift,20.0,,1
2022-12-09,Private,45.0,,1
2022-12-08,Fun,9.0,,0
2022-12-08,Supermarket,12.0,,0
2022-12-08,Private,25.0,,1
2022-12-07,Gifts,25.0,,0
2022-12-07,Other,3.0,,0
2022-12-07,Vodafone,12.0,,0
2022-12-06,Fun,12.0,,0
2022-12-06,Private,18.0,,1
2022-12-06,Supermarket,13.0,,0
2022-12-06,Health,50.0,,0
2022-12-06,Supermarket,2.5,,0
2022-12-06,Mprikis,23.5,,0
2022-12-05,Private,28.0,,1
2022-12-05,Fun,3.0,,0
2022-12-05,Hobies,35.0,,0
2022-12-04,Fun,4.0,,0
2022-12-02,Fun,20.0,,0
2022-12-01,Fun,3.8,,0
2022-12-01,Private,20.0,,1
2022-12-01,Other,23.0,,0
2022-12-01,Private,25.0,,1
2022-12-01,Fuel,25.5,,0
2022-11-30,Allowance,70.0,,1
2022-11-29,Supermarket,6.5,,0
2022-11-29,Supermarket,17.0,,0
2022-11-28,Fun,21.5,,0
2022-11-28,Fun,2.0,,0
2022-11-27,Fun,6.0,,0
2022-11-26,Private,36.0,,1
2022-11-25,Supermarket,12.0,,0
2022-11-24,Private,28.0,,1
2022-11-24,Fun,1.8,,0
2022-11-23,Private,30.0,,1
2022-11-22,Rent,140.0,,0
2022-11-22,Supermarket,7.5,,0
2022-11-22,Rent,80.0,,0
2022-11-22,Mprikis,14.0,,0
2022-11-22,Mom,220.0,,1
2022-11-22,Rent,60.0,,0
2022-11-21,Electricity,40.0,,0
2022-11-20,Health,9.5,,0
2022-11-20,Fun,6.0,,0
2022-11-19,Supermarket,2.0,,0
2022-11-19,Mprikis,8.0,,0
2022-11-19,Fun,6.5,,0
2022-11-18,Fuel,25.0,,0
2022-11-18,Fun,12.0,,0
2022-11-18,Private,40.0,,1
2022-11-16,Other,15.0,,0
2022-11-16,Fun,17.5,,0
2022-11-16,Fun,20.0,,0
2022-11-15,Mprikis,10.0,,0
2022-11-15,Supermarket,18.0,,0
2022-11-15,Health,19.0,,0
2022-11-15,Private,28.0,,1
2022-11-14,Fun,7.0,,0
2022-11-14,Private,18.0,,1
2022-11-12,Fun,17.5,,0
2022-11-11,Haircut,10.0,,0
2022-11-11,Fun,11.0,,0
2022-11-10,Private,25.0,,1
2022-11-10,Private,30.0,,1
2022-11-10,Fun,2.5,,0
2022-11-10,Fuel,20.0,,0
2022-11-09,Fun,2.5,,0
2022-11-09,Fun,28.5,,0
2022-11-08,Supermarket,19.0,,0
2022-11-08,Supermarket,4.0,,0
2022-11-08,Education,84.0,,0
2022-11-08,Private,18.0,,1
2022-11-07,Dad,180.0,,1
2022-11-07,Private,194.0,,1
2022-11-07,Fun,26.5,,0
2022-11-07,Private,50.0,,1
2022-11-05,Me,60.0,,0
2022-11-04,Private,40.0,,1
2022-11-04,Private,30.0,,1
2022-11-04,Fuel,22.0,,0
2022-11-04,Fun,4.5,,0
2022-11-04,Fun,3.5,,0
2022-11-03,Vodafone,15.0,,0
2022-11-03,Me,151.0,,0
2022-11-03,Private,53.0,,1
2022-11-02,Fun,9.5,,0
2022-11-02,Mprikis,15.0,,0
2022-11-02,Fun,13.0,,0
2022-11-01,Health,40.0,,0
2022-11-01,Private,18.0,,1
2022-10-31,Private,30.0,,1
2022-10-30,Fuel,23.0,,0
2022-10-30,Fun,20.0,,0
2022-10-30,Fun,20.0,,0
2022-10-28,Fun,11.5,,0
2022-10-28,Private,20.0,,1
2022-10-28,Private,56.0,,1
2022-10-27,Fun,5.0,,0
2022-10-27,Health,20.0,,0
2022-10-27,MOTOmaintenance/oil/insurance,300.0,,0
2022-10-27,Private,25.0,,1
2022-10-27,Allowance,70.0,,1
2022-10-26,Private,25.0,,1
2022-10-26,Fun,8.5,,0
2022-10-25,Other,175.0,,0
2022-10-25,Other,11.6,,0
2022-10-24,Private,30.0,,1
2022-10-23,Fun,15.0,,0
2022-10-23,Fun,4.0,,0
2022-10-23,Gift,150.0,,1
2022-10-22,Fun,15.0,,0
2022-10-22,Supermarket,13.0,,0
2022-10-21,Electricity,50.0,,0
2022-10-21,Fun,10.0,,0
2022-10-21,Private,30.0,,1
2022-10-20,Fuel,24.0,,0
2022-10-20,Private,25.0,,1
2022-10-20,Private,26.0,,1
2022-10-19,Fun,24.5,,0
2022-10-19,Fun,7.0,,0
2022-10-19,Private,30.0,,1
2022-10-18,Private,18.0,,1
2022-10-18,Education,4.0,,0
2022-10-17,Private,30.0,,1
2022-10-17,Fun,4.0,,0
2022-10-16,Fun,10.0,,0
2022-10-16,Mom,80.0,,1
2022-10-16,Rent,280.0,,0
2022-10-16,Fun,3.5,,0
2022-10-15,Health,20.0,,0
2022-10-15,Fun,15.5,,0
2022-10-15,Mprikis,13.0,,0
2022-10-14,Health,10.0,,0
2022-10-14,Private,40.0,,1
2022-10-13,Private,25.0,,1
2022-10-13,Private,11.0,,1
2022-10-12,Education,85.0,,0
2022-10-12,Fun,6.5,,0
2022-10-11,Fun,2.0,,0
2022-10-11,Private,18.0,,1
2022-10-11,Supermarket,13.0,,0
2022-10-11,Haircut,10.0,,0
2022-10-11,Fun,4.0,,0
2022-10-11,Supermarket,5.0,,0
2022-10-11,Supermarket,25.0,,0
2022-10-11,Supermarket,10.0,,0
2022-10-10,Dad,220.0,,1
2022-10-10,Other,210.0,,0
2022-10-10,Private,100.0,,1
2022-10-10,Me,140.0,,0
2022-10-10,Mom,20.0,,1
2022-10-10,Fuel,22.0,,0
2022-10-09,Supermarket,48.0,,0
2022-10-09,Gifts,14.0,,0
2022-10-09,Hobies,6.0,,0
2022-10-09,Fun,16.5,,0
2022-10-08,Fun,10.5,,0
2022-10-08,Fun,10.0,,0
2022-10-07,Private,20.0,,1
2022-10-06,Private,15.0,,1
2022-10-05,Other,178.0,,0
2022-10-05,Private,20.0,,1
2022-10-04,Private,18.0,,1
2022-10-04,Private,20.0,,1
2022-10-04,Private,35.0,,1
2022-10-04,Fun,10.0,,0
2022-10-02,Fun,5.5,,0
2022-10-02,Fuel,23.0,,0
2022-10-02,Vodafone,12.0,,0
2022-09-30,Supermarket,6.0,,0
2022-09-30,Gifts,13.0,,0
2022-09-30,Supermarket,10.7,,0
2022-09-30,Allowance,70.0,,1
2022-09-30,Supermarket,3.3,,0
2022-09-30,Fun,3.0,,0
2022-09-30,Fun,1.5,,0
2022-09-29,Private,18.0,,1
2022-09-29,Fun,11.0,,0
2022-09-28,Gifts,33.0,,0
2022-09-28,Fun,5.0,,0
2022-09-28,Private,18.0,,1
2022-09-28,Private,20.0,,1
2022-09-27,Fun,3.7,,0
2022-09-27,Supermarket,4.5,,0
2022-09-27,Private,20.0,,1
2022-09-26,Fun,4.0,,0
2022-09-26,Fun,5.0,,0
2022-09-24,Health,23.2,,0
2022-09-24,Supermarket,3.0,,0
2022-09-24,Mprikis,13.0,,0
2022-09-23,Fuel,20.0,,0
2022-09-23,Me,80.0,,0
2022-09-23,Fun,3.3,,0
2022-09-23,Fun,29.0,,0
2022-09-23,Fun,16.0,,0
2022-09-22,Private,40.0,,1
2022-09-20,Other,22.0,,0
2022-09-20,Private,18.0,,1
2022-09-20,Fun,2.5,,0
2022-09-20,Mprikis,8.0,,0
2022-09-20,Electricity,27.0,,0
2022-09-19,Private,10.0,,1
2022-09-19,Fun,8.5,,0
2022-09-18,Mom,80.0,,1
2022-09-18,Fun,7.7,,0
2022-09-18,Fun,2.8,,0
2022-09-17,Fun,4.0,,0
2022-09-17,Rent,280.0,,0
2022-09-17,Hobies,15.0,,0
2022-09-16,Dad,200.0,,1
2022-09-16,MOTOmaintenance/oil/insurance,250.0,,0
2022-09-16,Vacation,15.0,,0
2022-09-16,Supermarket,7.0,,0
2022-09-16,Fun,7.7,,0
2022-09-15,Private,22.5,,1
2022-09-15,Fun,4.8,,0
2022-09-14,Fun,1.7,,0
2022-09-14,Gifts,11.0,,0
2022-09-14,Hobies,4.0,,0
2022-09-13,Fun,9.0,,0
2022-09-12,Fuel,50.0,,0
2022-09-11,Fun,14.0,,0
2022-09-10,Fun,3.0,,0
2022-09-10,Gifts,20.0,,0
2022-09-10,Fun,12.0,,0
2022-09-10,Mprikis,10.0,,0
2022-09-10,Lena,25.0,,1
2022-09-09,Fun,6.0,,0
2022-09-07,Fun,2.5,,0
2022-09-07,Fun,6.0,,0
2022-09-06,Fun,6.0,,0
2022-09-06,Haircut,10.0,,0
2022-09-06,Supermarket,12.0,,0
2022-09-05,Fun,13.0,,0
2022-09-05,Fuel,26.0,,0
2022-09-04,Fun,5.3,,0
2022-09-02,Supermarket,20.0,,0
2022-09-02,Fun,10.0,,0
2022-09-01,Me,30.0,,0
2022-09-01,Fun,13.0,,0
2022-08-31,Allowance,70.0,,1
2022-08-31,Vodafone,12.0,,0
2022-08-30,Me,20.0,,0
2022-08-30,Fun,13.0,,0
2022-08-30,Education,105.0,,0
2022-08-30,Rent,280.0,,0
2022-08-29,Dad,200.0,,1
2022-08-29,Me,12.5,,0
2022-08-27,Other,69.0,,0
2022-08-27,Fun,8.5,,0
2022-08-26,Education,52.0,,0
2022-08-26,Supermarket,10.0,,0
2022-08-25,Fun,2.0,,0
2022-08-24,Fun,2.0,,0
2022-08-23,Supermarket,10.0,,0
2022-08-22,Health,9.5,,0
2022-08-21,Electricity,45.0,,0
2022-08-19,Gift,20.0,,1
2022-08-19,Supermarket,8.0,,0
2022-08-19,Vodafone,20.0,,0
2022-08-19,Other,75.0,,0
2022-08-18,Fun,3.0,,0
2022-08-17,Fun,1.8,,0
2022-08-17,Gift,80.0,,1
2022-08-17,Fun,9.2,,0
2022-08-17,Fuel,20.0,,0
2022-08-16,Vacation,5.5,,0
2022-08-15,Vacation,72.0,,0
2022-08-13,Vacation,6.0,,0
2022-08-13,Vacation,5.0,,0
2022-08-13,Vacation,5.0,,0
2022-08-13,Vacation,15.0,,0
2022-08-12,Vacation,3.5,,0
2022-08-12,Vacation,11.0,,0
2022-08-12,Vacation,18.0,,0
2022-08-11,Vacation,7.0,,0
2022-08-11,Vacation,10.0,,0
2022-08-10,Allowance,45.0,,1
2022-08-10,Vacation,5.0,,0
2022-08-09,Hobies,655.0,,0
2022-08-09,Fun,8.0,,0
2022-08-09,Fun,7.0,,0
2022-08-09,Vacation,35.0,,0
2022-08-09,MOTOmaintenance/oil/insurance,50.0,,0
2022-08-09,Fuel,10.0,,0
2022-08-08,Vacation,15.0,,0
2022-08-08,Fun,4.0,,0
2022-08-08,Fun,24.0,,0
2022-08-08,Gifts,11.0,,0
2022-08-06,Vacation,3.5,,0
2022-08-06,Vacation,3.5,,0
2022-08-05,Fuel,12.0,,0
2022-08-05,Other,11.0,,0
2022-08-05,Other,260.0,,0
2022-08-05,Fun,9.0,,0
2022-08-05,Mprikis,23.0,,0
2022-08-03,Fun,7.0,,0
2022-08-03,Haircut,10.0,,0
2022-08-02,Fun,2.0,,0
2022-08-02,Education,4.0,,0
2022-08-02,Education,50.0,,0
2022-08-01,Fuel,20.0,,0
2022-08-01,Other,20.0,,0
2022-08-01,Vacation,32.0,,0
2022-07-30,Vacation,15.0,,0
2022-07-30,Vacation,29.0,,0
2022-07-29,Other,200.0,,0
2022-07-29,Allowance,70.0,,1
2022-07-29,Fuel,17.0,,0
2022-07-29,Fun,2.5,,0
2022-07-29,Fun,2.5,,0
2022-07-28,MOTOmaintenance/oil/insurance,12.0,,0
2022-07-28,Fun,2.2,,0
2022-07-28,Vodafone,12.0,,0
2022-07-27,Fun,8.0,,0
2022-07-27,Fun,2.0,,0
2022-07-26,Education,52.0,,0
2022-07-25,Fuel,20.0,,0
2022-07-25,Fuel,20.0,,0
2022-07-24,Fun,9.0,,0
2022-07-24,Gifts,29.0,,0
2022-07-23,Vacation,17.0,,0
2022-07-23,Vacation,12.0,,0
2022-07-22,Electricity,43.0,,0
2022-07-21,Vacation,50.0,,0
2022-07-21,Vacation,21.5,,0
2022-07-20,Vacation,5.5,,0
2022-07-19,Vacation,5.0,,0
2022-07-19,Vacation,35.0,,0
2022-07-19,Vacation,7.5,,0
2022-07-18,Vacation,40.0,,0
2022-07-18,Vacation,84.0,,0
2022-07-18,Vacation,13.5,,0
2022-07-18,Vacation,13.5,,0
2022-07-17,Vacation,17.0,,0
2022-07-17,Vacation,6.5,,0
2022-07-16,Allowance,33.0,,1
2022-07-16,Vacation,17.0,,0
2022-07-16,Vacation,15.0,,0
2022-07-16,Vacation,6.0,,0
2022-07-16,Vacation,97.0,,0
2022-07-15,Vacation,4.5,,0
2022-07-15,Allowance,87.0,,1
2022-07-15,Vacation,5.0,,0
2022-07-14,Fun,3.0,,0
2022-07-14,Gift,50.0,,1
2022-07-14,Gift,280.0,,1
2022-07-14,Rent,280.0,,0
2022-07-14,Haircut,10.0,,0
2022-07-14,Fuel,22.0,,0
2022-07-14,MOTOmaintenance/oil/insurance,10.0,,0
2022-07-14,Fun,10.0,,0
2022-07-12,Supermarket,21.0,,0
2022-07-12,Supermarket,5.0,,0
2022-07-11,Fun,4.0,,0
2022-07-11,Education,50.0,,0
2022-07-11,Fun,15.0,,0
2022-07-10,Fun,8.5,,0
2022-07-10,Dad,100.0,,1
2022-07-10,Fun,5.2,,0
2022-07-09,Vacation,68.0,,0
2022-07-09,Fun,4.0,,0
2022-07-09,Fun,9.0,,0
2022-07-09,Other,60.0,,0
2022-07-08,Supermarket,12.0,,0
2022-07-08,Hobies,18.0,,0
2022-07-08,Fun,4.0,,0
2022-07-07,Fun,7.0,,0
2022-07-07,Fun,2.0,,0
2022-07-06,Health,2.5,,0
2022-07-05,Dad,260.0,,1
2022-07-05,Other,7.5,,0
2022-07-05,Fuel,30.0,,0
2022-07-05,Fun,7.0,,0
2022-07-05,Rent,15.0,,0
2022-07-04,Education,60.0,,0
2022-07-04,Fun,2.0,,0
2022-07-04,Fun,18.0,,0
2022-07-02,Gift,40.0,,1
2022-07-02,Fun,8.5,,0
2022-07-02,Fun,2.5,,0
2022-07-02,Vodafone,20.0,,0
2022-07-02,Other,30.0,,0
2022-07-02,Vodafone,20.0,,0
2022-07-01,Fun,9.5,,0
2022-07-01,Supermarket,15.0,,0
2022-06-30,Education,47.0,,0
2022-06-30,Fun,6.0,,0
2022-06-29,Vacation,87.0,,0
2022-06-29,Allowance,70.0,,1
2022-06-28,Fun,14.0,,0
2022-06-28,Fun,2.0,,0
2022-06-27,Supermarket,10.0,,0
2022-06-27,MOTOmaintenance/oil/insurance,12.0,,0
2022-06-27,Mprikis,23.0,,0
2022-06-27,Fun,2.3,,0
2022-06-26,Other,70.0,,0
2022-06-26,Fun,14.0,,0
2022-06-26,Vodafone,12.0,,0
2022-06-26,Fun,6.0,,0
2022-06-25,Fun,2.5,,0
2022-06-25,Fuel,20.0,,0
2022-06-25,Rent,200.0,,0
2022-06-25,Fun,7.2,,0
2022-06-25,Other,30.0,,0
2022-06-24,Fun,4.4,,0
2022-06-24,MOTOmaintenance/oil/insurance,150.0,,0
2022-06-24,Fun,8.0,,0
2022-06-23,Fun,3.0,,0
2022-06-23,Dad,140.0,,1
2022-06-22,Hobies,35.0,,0
2022-06-22,Fun,8.0,,0
2022-06-21,Fun,14.0,,0
2022-06-21,Haircut,10.0,,0
2022-06-20,Supermarket,15.0,,0
2022-06-20,Fun,2.0,,0
2022-06-20,Fun,3.0,,0
2022-06-19,Fun,6.0,,0
2022-06-17,Fun,4.0,,0
2022-06-17,Electricity,25.0,,0
2022-06-17,Fun,8.0,,0
2022-06-17,Fun,6.0,,0
2022-06-16,Fuel,15.0,,0
2022-06-15,Fun,10.0,,0
2022-06-14,Fun,7.5,,0
2022-06-14,Other,244.0,,0
2022-06-14,Private,20.0,,1
2022-06-11,Fun,2.5,,0
2022-06-11,Other,35.0,,0
2022-06-11,Mprikis,15.0,,0
2022-06-11,Fun,10.0,,0
2022-06-10,Fun,4.0,,0
2022-06-10,Gift,100.0,,1
2022-06-10,Private,15.0,,1
2022-06-09,MOTOmaintenance/oil/insurance,110.0,,0
2022-06-09,Fun,5.0,,0
2022-06-08,Fun,2.5,,0
2022-06-08,MOTOmaintenance/oil/insurance,64.5,,0
2022-06-07,Other,220.0,,0
2022-06-07,Fun,4.0,,0
2022-06-07,Fuel,22.0,,0
2022-06-07,Other,2295.0,,0
2022-06-07,MOTOmaintenance/oil/insurance,1000.0,,0
2022-06-07,Fun,8.5,,0
2022-06-06,Fun,5.0,,0
2022-06-06,Rent,4.0,,0
2022-06-05,Fuel,5.0,,0
2022-06-04,Other,55.0,,0
2022-06-04,Me,30.0,,0
2022-06-04,Rent,10.0,,0
2022-06-04,Fun,3.5,,0
2022-06-04,MOTOmaintenance/oil/insurance,61.0,,0
2022-06-03,Private,45.0,,1
2022-06-03,Fun,2.0,,0
2022-06-03,Fun,6.0,,0
2022-06-02,Fun,4.0,,0
2022-06-02,Fun,10.0,,0
2022-06-02,Supermarket,12.0,,0
2022-06-01,Fun,12.0,,0
2022-05-31,Fun,2.5,,0
2022-05-31,Fuel,20.0,,0
2022-05-31,Private,15.0,,1
2022-05-31,Allowance,70.0,,1
2022-05-29,Gift,5.0,,1
2022-05-28,Fun,5.0,,0
2022-05-28,Other,30.0,,0
2022-05-27,Other,188.0,,0
2022-05-27,Fuel,5.0,,0
2022-05-27,Other,800.0,,0
2022-05-27,Fun,5.0,,0
2022-05-27,Supermarket,8.0,,0
2022-05-27,Fun,13.5,,0
2022-05-26,Other,54.0,,0
2022-05-26,Gifts,25.0,,0
2022-05-26,Private,15.0,,1
2022-05-25,Mprikis,5.0,,0
2022-05-24,Fun,10.0,,0
2022-05-24,Vodafone,12.0,,0
2022-05-24,Private,15.0,,1
2022-05-23,Supermarket,9.5,,0
2022-05-22,Gift,9.0,,1
2022-05-22,Fuel,9.0,,0
2022-05-21,Other,30.0,,0
2022-05-21,Fuel,15.0,,0
2022-05-21,Fun,13.0,,0
2022-05-21,Health,70.0,,0
2022-05-20,Supermarket,12.0,,0
2022-05-20,Electricity,50.0,,0
2022-05-20,Me,25.0,,0
2022-05-18,Fuel,10.0,,0
2022-05-18,Fun,15.0,,0
2022-05-17,Private,15.0,,1
2022-05-17,Fun,3.0,,0
2022-05-15,Gift,5.0,,1
2022-05-15,Fuel,5.0,,0
2022-05-15,Fun,7.0,,0
2022-05-14,Fun,8.0,,0
2022-05-14,Vodafone,20.0,,0
2022-05-14,Other,30.0,,0
2022-05-13,Supermarket,9.0,,0
2022-05-13,Haircut,5.0,,0
2022-05-13,Hobies,4.0,,0
2022-05-12,Supermarket,7.0,,0
2022-05-12,Private,20.0,,1
2022-05-12,Dad,200.0,,1
2022-05-12,Fuel,5.0,,0
2022-05-11,Fun,15.0,,0
2022-05-11,Hobies,21.0,,0
2022-05-10,Private,20.0,,1
2022-05-09,MOTOmaintenance/oil/insurance,12.0,,0
2022-05-08,Fuel,4.0,,0
2022-05-08,Fun,3.0,,0
2022-05-08,Other,30.0,,0
2022-05-07,Other,30.0,,0
2022-05-07,Fun,3.5,,0
2022-05-07,Rent,200.0,,0
2022-05-07,Other,5.0,,0
2022-05-07,Fun,10.0,,0
2022-05-07,Rent,25.0,,0
2022-05-06,Supermarket,12.0,,0
2022-05-06,Rent,5.0,,0
2022-05-06,Fuel,5.0,,0
2022-05-05,Other,65.0,,0
2022-05-05,Private,20.0,,1
2022-05-05,Fun,10.0,,0
2022-05-05,Other,205.0,,0
2022-05-05,Supermarket,2.2,,0
2022-05-04,Other,25.0,,0
2022-05-04,Other,211.0,,0
2022-05-04,Other,30.0,,0
2022-05-03,Private,35.0,,1
2022-05-03,Fun,2.0,,0
2022-05-01,Fuel,5.0,,0
2022-05-01,Fun,16.0,,0
2022-04-30,Other,30.0,,0
2022-04-30,Fun,13.0,,0
2022-04-30,Education,60.0,,0
2022-04-29,Supermarket,14.0,,0
2022-04-29,Fun,70.0,,0
2022-04-29,Allowance,70.0,,1
2022-04-29,Allowance,30.0,,1
2022-04-29,Mprikis,5.6,,0
2022-04-28,Fuel,4.2,,0
2022-04-28,Fuel,50.0,,0
2022-04-26,Fun,12.0,,0
2022-04-26,Gift,320.0,,1
2022-04-25,Gifts,10.0,,0
2022-04-25,Electricity,30.0,,0
2022-04-23,Vodafone,12.0,,0
2022-04-23,Supermarket,11.0,,0
2022-04-22,Gift,1.5,,1
2022-04-22,Supermarket,7.5,,0
2022-04-22,Other,8.7,,0
2022-04-21,Haircut,5.0,,0
2022-04-21,Health,17.0,,0
2022-04-21,Family,35.0,,0
2022-04-21,MOTOmaintenance/oil/insurance,90.0,,0
2022-04-21,Fuel,5.0,,0
2022-04-21,Fun,14.0,,0
2022-04-21,Private,20.0,,1
2022-04-20,Fun,7.0,,0
2022-04-19,Private,20.0,,1
2022-04-18,Gift,1.0,,1
2022-04-18,Supermarket,5.4,,0
2022-04-18,Supermarket,5.5,,0
2022-04-18,Supermarket,7.3,,0
2022-04-17,Fun,1.7,,0
2022-04-17,Fuel,5.0,,0
2022-04-17,Gift,12.5,,1
2022-04-17,Fun,8.0,,0
2022-04-16,Rent,200.0,,0
2022-04-16,Other,150.0,,0
2022-04-16,Fun,3.5,,0
2022-04-16,Other,5.0,,0
2022-04-16,Gift,50.0,,1
2022-04-16,Mprikis,12.0,,0
2022-04-15,Gift,2.0,,1
2022-04-15,Dad,200.0,,1
2022-04-15,Fun,7.0,,0
2022-04-14,Supermarket,11.0,,0
2022-04-14,Gift,7.0,,1
2022-04-14,Private,20.0,,1
2022-04-14,Health,20.0,,0
2022-04-13,Fun,7.0,,0
2022-04-13,Fuel,5.0,,0
2022-04-13,Health,25.0,,0
2022-04-12,Other,3.3,,0
2022-04-12,Private,30.0,,1
2022-04-12,Other,8.5,,0
2022-04-11,Gift,3.0,,1
2022-04-11,Fun,8.0,,0
2022-04-10,Gift,6.5,,1
2022-04-10,Fun,6.0,,0
2022-04-09,Other,30.0,,0
2022-04-09,Other,20.0,,0
2022-04-09,Fun,11.5,,0
2022-04-09,Fun,1.5,,0
2022-04-09,Other,5.4,,0
2022-04-08,Gift,4.5,,1
2022-04-08,Fuel,5.0,,0
2022-04-08,Supermarket,3.4,,0
2022-04-07,Fun,10.0,,0
2022-04-06,Fun,2.0,,0
2022-04-06,Supermarket,6.0,,0
2022-04-06,Supermarket,1.6,,0
2022-04-06,Private,20.0,,1
2022-04-05,Other,35.0,,0
2022-04-05,Private,35.0,,1
2022-04-05,Other,365.0,,0
2022-04-04,Other,171.0,,0
2022-04-04,Other,30.0,,0
2022-04-03,Gift,4.5,,1
2022-04-03,Fun,2.3,,0
2022-04-03,Fuel,5.0,,0
2022-04-02,Fun,2.5,,0
2022-04-02,Gift,5.0,,1
2022-04-02,Other,30.0,,0
2022-04-02,Health,2.0,,0
2022-04-02,Mprikis,9.5,,0
2022-04-01,Fun,25.0,,0
2022-04-01,Supermarket,5.0,,0
2022-04-01,Fun,9.0,,0
2022-03-31,Allowance,70.0,,1
2022-03-31,Rent,100.0,,0
2022-03-31,Family,5.0,,0
2022-03-31,Private,30.0,,1
2022-03-31,Gift,100.0,,1
2022-03-30,Private,20.0,,1
2022-03-30,Other,12.5,,0
2022-03-30,Supermarket,6.6,,0
2022-03-30,Gym,5.6,,0
2022-03-29,Fun,14.3,,0
2022-03-28,Education,25.0,,0
2022-03-28,Fuel,6.0,,0
2022-03-28,Supermarket,24.0,,0
2022-03-28,Health,20.0,,0
2022-03-27,Gift,5.0,,1
2022-03-26,Other,25.0,,0
2022-03-26,Fun,17.5,,0
2022-03-26,Fun,11.5,,0
2022-03-25,Fun,4.0,,0
2022-03-25,Rent,50.0,,0
2022-03-24,Mprikis,12.0,,0
2022-03-24,Other,9.0,,0
2022-03-24,Haircut,5.0,,0
2022-03-23,Private,20.0,,1
2022-03-23,Fuel,5.0,,0
2022-03-23,Supermarket,1.5,,0
2022-03-22,Private,35.0,,1
2022-03-21,Fun,5.0,,0
2022-03-21,Gifts,110.0,,0
2022-03-21,Health,70.0,,0
2022-03-19,Fun,20.0,,0
2022-03-19,Rent,15.0,,0
2022-03-17,Fun,15.0,,0
2022-03-17,Mprikis,10.0,,0
2022-03-17,Other,4.0,,0
2022-03-17,Fuel,4.5,,0
2022-03-17,Other,9.5,,0
2022-03-16,Fun,17.0,,0
2022-03-16,Dad,200.0,,1
2022-03-16,Other,17.0,,0
2022-03-16,Fuel,5.5,,0
2022-03-16,Rent,100.0,,0
2022-03-15,Private,35.0,,1
2022-03-15,Fuel,75.6,,0
2022-03-15,Fun,3.0,,0
2022-03-14,Other,58.0,,0
2022-03-14,Electricity,100.0,,0
2022-03-14,MOTOmaintenance/oil/insurance,60.0,,0
2022-03-13,Fuel,6.0,,0
2022-03-12,Other,25.0,,0
2022-03-12,Other,21.0,,0
2022-03-12,Other,45.0,,0
2022-03-12,Fun,3.0,,0
2022-03-12,Electricity,40.0,,0
2022-03-11,Fun,10.0,,0
2022-03-11,Supermarket,1.1,,0
2022-03-11,Supermarket,14.0,,0
2022-03-10,Fun,4.0,,0
2022-03-10,Fun,5.0,,0
2022-03-10,Fun,2.8,,0
2022-03-10,Education,20.0,,0
2022-03-10,Private,2.0,,1
2022-03-09,Other,15.0,,0
2022-03-09,Fun,27.0,,0
2022-03-09,Gift,2.0,,1
2022-03-08,Private,20.0,,1
2022-03-08,Health,22.0,,0
2022-03-07,Fuel,5.5,,0
2022-03-07,Fun,2.0,,0
2022-03-07,Fun,14.5,,0
2022-03-07,Gift,2.0,,1
2022-03-06,Gift,4.5,,1
2022-03-05,Other,25.0,,0
2022-03-05,Fun,3.0,,0
2022-03-05,Fun,5.0,,0
2022-03-05,Gift,100.0,,1
2022-03-04,Supermarket,6.4,,0
2022-03-04,Other,51.0,,0
2022-03-04,Fun,35.5,,0
2022-03-03,Other,147.0,,0
2022-03-03,Other,438.0,,0
2022-03-03,Vodafone,20.0,,0
2022-03-03,Supermarket,2.7,,0
2022-03-03,Gift,2.0,,1
2022-03-02,Gift,5.5,,1
2022-03-02,Fun,5.2,,0
2022-03-02,Other,79.0,,0
2022-03-02,Private,20.0,,1
2022-03-02,Supermarket,18.5,,0
2022-03-02,Fuel,5.5,,0
2022-03-01,Private,20.0,,1
2022-02-28,Fun,3.5,,0
2022-02-28,Gift,3.5,,1
2022-02-28,Fuel,4.0,,0
2022-02-28,Gift,15.0,,1
2022-02-27,Fun,14.5,,0
2022-02-27,Fun,2.5,,0
2022-02-26,Other,30.0,,0
2022-02-26,Fuel,4.5,,0
2022-02-26,Mprikis,5.5,,0
2022-02-26,Other,25.0,,0
2022-02-26,Gift,15.0,,1
2022-02-26,Fun,4.5,,0
2022-02-25,Allowance,70.0,,1
2022-02-25,Private,20.0,,1
2022-02-24,Fuel,4.5,,0
2022-02-24,Gift,18.0,,1
2022-02-23,Supermarket,37.0,,0
2022-02-23,Supermarket,21.0,,0
2022-02-23,Gym,12.0,,0
2022-02-23,Gift,9.0,,1
2022-02-22,Fun,3.9,,0
2022-02-22,Gift,9.0,,1
2022-02-21,Fuel,4.5,,0
2022-02-21,Fun,2.5,,0
2022-02-21,Health,8.6,,0
2022-02-21,Fun,3.0,,0
2025-02-03,Parking,30,6373,0
2025-02-03,Mprikis,5,6403,0
2025-02-03,Subscriptions,24,6408,0
2025-02-02,Fun,10,6455,0
2025-02-02,Fun,4,6465,0
2025-02-02,Fun,2.0,6469,0
2025-02-01,Rent,261.0,6471,0
2025-02-01,Haircut,10.0,6732,0
2025-02-01,Family,100.0,6742,0
2025-01-31,Fun,65.0,6842,0
2025-01-31,Job,1600.0,6848,1
2025-01-31,Fun,13.1,5248,0
2025-01-31,Fun,6.0,5262,0
2025-01-31,Supermarket,15.0,5268,0
2025-01-31,Fun,7.0,6871,0
2025-01-31,Fuel,24.0,6878,0
2025-01-30,Fun,6.0,6902,0
2025-01-28,Fun,8.0,6908,0
2025-01-28,Fun,9.1,6916,0
2025-01-28,Fun,5.1,6926,0
2025-01-25,Mom,55.0,5342,1
2025-01-25,Fun,15.0,5287,0
2025-01-25,Fun,5.0,5302,0
2025-01-25,Fun,3.1,5307,0
2025-01-25,Me,160.0,5311,0
2025-01-25,Supermarket,16.1,5471,0
2025-01-23,Supermarket,25.0,5489,0
2025-01-23,Fun,10.0,5514,0
2025-01-23,Mprikis,19.0,5524,0
2025-01-23,Supermarket,28.0,5543,0
2025-01-23,Education,900.0,5571,0
2025-01-23,Education,30.0,6471,0
2025-01-21,Supermarket,7.0,5531,0
2025-01-21,Fuel,20.0,5558,0
2025-01-21,Fun,25.0,5551,0
2025-01-21,Fun,8.0,6543,0
2025-01-21,Fun,9.0,5566,0
2025-01-21,Other,1.1,6624,0
2025-01-21,Subscriptions,5.0,6627,0
2025-01-21,Vodafone,35.0,6632,0
2025-01-21,Family,37.0,6578,0
2025-01-17,Fun,5.1,6615,0
2025-01-17,other,11.0,6657,0
2025-01-17,other,50.0,6668,0
2025-01-17,Me,5.1,6718,0
2025-01-17,Supermarket,3.1,6738,0
2025-01-17,Fun,45.0,6743,0
2025-01-17,Fun,10.0,6722,0
2025-01-15,Fun,2.0,6732,0
2025-01-15,Education,30.0,6745,0